filename,label,bytes,sha256
clear.000.jpg,clear,520832,0adbd84c4a2dd3ea30d53a58eac7e820d4513ae9e10eea16fa1143390d5c172e
clear.001.jpg,clear,198009,f1f008c42ba83948e20b0e84c4c71227ea2d76f124be0b09a75f29cb04b9fcfc
clear.002.jpg,clear,286800,15281ab9cadde2819ac96a67d66af08f2f7b93378d60a761bfd185b6826daa63
clear.003.jpg,clear,336518,1876886ee502d3a117820176d3500513a864e2a55481550e8867b7236645f6eb
clear.004.jpg,clear,612368,efdeca700a2501ca807d80be769902f72bd9908799179e336cd92a767bc67d74
clear.005.jpg,clear,542521,1019626e9a2241f24e4258c881a754b80d46586b7925b4e6a4ea31f14544b452
clear.006.jpg,clear,552091,bcfc0ff3cdc043a026f0c3172518bd30e5f66bdf175bb9f689791ce92b228e0b
clear.007.jpg,clear,643466,5166aa441472262c4d36ac0119a0f191a19b6e2747946921364d1e448b9decb2
clear.008.jpg,clear,634764,d15d78b094b891e3fad15f88000d6689223f20a12bbdec4fb840d49bf7bfa1ff
clear.009.jpg,clear,585712,29ec30cc24ca7cb5713da8391784e755aa69ef1d25a991cf275387b5af21f34c
clear.010.jpg,clear,219983,94502dcd5ca0009c2fd02a144fc2fdc1919aeaf3d27dcf104eecc27fb6e3f7ce
clear.011.jpg,clear,341612,66a000e766c8fc03d2844a4ab27d9d1fb796b15b5071ebecfbc1f1b6a2103bed
clear.012.jpg,clear,234669,e78f5e876a42c9c553a9c1b80587f19654be1d427a365d9e3e37dea39ce59159
clear.013.jpg,clear,605040,e7ac8fbed8f37292ac1acff09d86da74eacc494292462afc032223a915edd73e
clear.014.jpg,clear,631307,421a42f95e5e8040df1afd0c3ea0a3a9b07058749fc36680a218b778f18e4417
clear.015.jpg,clear,383101,5ebfd3a881fde4b45c665b05ef08d3f7b6d16d0370bf48c9135da82b313fdf18
clear.016.jpg,clear,564259,5a94f3c430c7244b5e495c657fc948aa6afc3c21d1e108034b2c9ca308ba8339
clear.017.jpg,clear,578561,ae4c9569d113e75b67dfd71558e171f1cee9ba0c258287a926a554293b56bb92
clear.018.jpg,clear,366557,80cb3e679a5973885eb7df1544005a4855c68e91328ce91a8aab4cf8de7e9e4f
clear.019.jpg,clear,355204,52c5281ff1970ce2c8781d8c7aa14a10e6504633a6db681ec66575fee14a9dbe
clear.020.jpg,clear,380709,51c7af72f96e122efba9c9b73952f568760b0afcc184da8cab644532bcd7b81f
clear.021.jpg,clear,327008,fafb90b0efeee32efa3c48f3c3ef10153af2fe146c515bc924209df6cf6281fd
clear.022.jpg,clear,567866,7dda9c50c93157eede4596ec5a6861ab68b184072453d018fd82f6bf52824012
clear.023.jpg,clear,518233,55cf363f0ccda1ed880402184330a50730b43b0394da3f7665754543f599baa4
clear.024.jpg,clear,254232,e40bc6062c28c0f4c37324963ea1bfdf685ce5cf51ff566ecbb705b7676f9cc7
clear.025.jpg,clear,199520,f3f21618d77454de26cbb9e19881bff51201b23c55eafa9b3ebce5224ec52f0d
clear.026.jpg,clear,240083,55878ffefb28221f7fa2c0cececd59a717b903bfa9e361fefeb58a83746f25f9
clear.027.jpg,clear,609984,2c04289e58e43f8107a58ba8971ddbaffe6c95678e2d9b77e0ca4d8d49234040
clear.028.jpg,clear,602681,d7be1fcdeac9a5663026f328d94e5d8e018f6a24e66a1c8f1800b170b2c5c031
clear.029.jpg,clear,471522,2b3a95f571d86e2d65c800ae7bcb530ae1e3c12d3b8e8e83976cd548dc7a47a2
clear.030.jpg,clear,640083,f9493e4c8a682f04caabb034b0a2662e01aaddeb7fc449b6df96e5f544bc4c06
clear.031.jpg,clear,442130,0d527652f375c615df765d45da4fc9a4b84f605c88b01fadd02d39c7c0505f8b
clear.032.jpg,clear,429633,8f0983cf4df8bc583add502b4d4fde4fda5e071371a84ceeaa47615aeafea58e
clear.033.jpg,clear,415251,4ad56f1bd11daf618910ad281ef802ca29abc3b87c947fd1f2412658957ea06c
clear.034.jpg,clear,627335,44852eb5107d4c642f7cdc336687c4bbe2b3759e7d0e205f65be874e3518c59f
clear.035.jpg,clear,624858,0780720ff0beaa59d2054906a14259dd731f729dd868a4f68f9aa1aedb65726a
clear.036.jpg,clear,472035,d44ef88e64112f79aba4b680f48b436f19022cb9e9ab464b7b906d5da5a9e211
clear.037.jpg,clear,491714,9256469add21ffa477542e3d83b40c0c3272cd5001d4240799fb4d75863470ac
clear.038.jpg,clear,496876,d212177aae5114d1375dbcc8f5c8db47167e0b7bc3e2e4e72934e0305ebf0613
clear.039.jpg,clear,314919,48751cad710ce06a64f579a41b48fcef3cc68532c99184b570a4b0f2bc201092
clear.040.jpg,clear,428708,0409cab189608f7a6342f7e733c717b3cb16e6fa16fbc04568aec276e267a890
clear.041.jpg,clear,449377,ca8960e66ae6f0b9a870754d6706d1cffd43bf8450743ac838428a8402b51053
clear.042.jpg,clear,383109,9fca6f0dabd7e57cd52b99d02e2b0b859e245ae29fd531d2d9489ce1a3092fd4
clear.043.jpg,clear,378212,c0a6934e930b5913a2a3b65034c489b61f0f7abe8bc480eb982a3dbc65ccadd5
clear.044.jpg,clear,415705,acb77e056227dc4b933ba4dc2a367c77e1bc7221f8079772709308568303ace2
clear.045.jpg,clear,411606,eb24808a1dfbe16e99e129a708ca3dfea628623cb25ce84ceeb4efe3c7d9341f
clear.046.jpg,clear,592257,f5c377a1584b11a28e7d6000b036e72de566d69876cf2c59f16eba04188883bf
clear.047.jpg,clear,569803,4cb837146b5465ce6f82e932fc82bd8c579818efddea6f62f4f37e1dcf05dee4
clear.048.jpg,clear,447808,1cb5dc3c21af69a11112114c571d7826aba5f4bc411b3e277c1e3b77384c5363
clear.049.jpg,clear,388878,3e3267bda693644702073368f24bd5524587fbfc91f9de5a13b3c8b26bdc8ea9
clear.050.jpg,clear,413755,90cc5e1c74d4ce0c2497a560f746065f8c977edd3c13eff8751f136c498e1fcf
clear.051.jpg,clear,531462,7cc0fa194489d0f14d1f11dbfe73d4bb6e33c053a117e06256f6621b702e338a
clear.052.jpg,clear,539173,b23878870615fc2c6a4957c6227c9916bd8587ee872a13ea2119c8956ce5c3c5
clear.053.jpg,clear,524829,b7b8e2f8dc87ff9f091809499225a2fffb24b4bc9c3023b81a2f634fa49df46b
clear.054.jpg,clear,294864,8bcb9675354597978a81b81efb7e0a8a798d5d1e981169c875a8fea79ada9fdf
clear.055.jpg,clear,350689,1a5356a4fbf6b12b9fe1fe878436f5f200936b1955143113d888c31b6712544f
clear.056.jpg,clear,323302,578a5080d16053c3887a33b53ebed575f898028f943655afe1f268a979564f40
clear.057.jpg,clear,271498,ed59b3ba67710bd1cf7002e7b09b80130c642a25d0f8681bf89dfc27375eabf0
clear.058.jpg,clear,326188,f8df1008e1a49b78c5002bce5ec0e47046f976fcdb0bd4f880166bb41847479e
clear.059.jpg,clear,401207,c17421af108b2a998e98116f925cd8a54ceb35bf8b6e951dc02f485aad283c09
clear.060.jpg,clear,486251,772a368c0b5905c670a471d3e69d468c46fd1169bc00006921998e0962b4ce32
clear.061.jpg,clear,448495,18320c3ea963ee405836093792bcc5064a3c37644bbb3f9b55ac154eeac316f9
clear.062.jpg,clear,387165,07107e25ffe9ba70686feced7835eec3603cd711620f40bcddbb8a5f4d8035a1
clear.063.jpg,clear,479012,58f3ac5331172dcae5da11486ac12c6142d34c745caa1adb014df1f5a0ebfc21
clear.064.jpg,clear,291816,46956bd5c498daf302d48d79d44a14e0a0ec1a5b5e97cc41e35cce833a62946c
clear.065.jpg,clear,383933,a6f0500031393d0ee29154c84fdf3599b5370a5501b4ff03c253116b54779571
clear.066.jpg,clear,465996,1d02929579c577c002272ebc18ae19f56e48cce706bc3c1808b23657c5a40d1a
clear.067.jpg,clear,466496,fe7d959287b7e8a9ddf73a2e61bb3ed05f21c8180fdbd504a269b16693ec4604
clear.068.jpg,clear,492163,c96b6f1088c1185983f82e027d37c529c8ba582cde4e18b50d57d4bf9feac273
clear.069.jpg,clear,457987,2a6e1fa1e6bb03829672d5181fa8dc4747b4dc1c3ed5d7d0c2f17dcd8322c7f1
clear.070.jpg,clear,556864,d6fac51a59e79bd882eec45630bbe2c4a97b1f4c43e5caa137f341c09194b095
clear.071.jpg,clear,519314,a8a34900103314e390fe7f6bec245318ff58ff0576c1f02f5d09f9076dd82831
clear.072.jpg,clear,522020,ea2b63acbd4b10820d8aac67b866a7996ad1a8736171bae40dbf101b469c3254
clear.073.jpg,clear,469503,0446d3a635ed3d77c12f2cae6c06deab830721f46f362bc835b835b4651a9030
clear.074.jpg,clear,444275,1efffa50f87951261ad14fb1eafead86b54509403f2f0becb4d97a9f64a7eea5
clear.075.jpg,clear,491061,7949808b85587b768b40a3c67a23bd7cc9027d157e720e68508f96b498d5be67
clear.076.jpg,clear,403325,31eb3aa62159375f35ff381c693bc38d28beb4be4e6651db574debb0c19464d9
clear.077.jpg,clear,468818,72c5746d93bec5ff2e3a2a87d3b2736e284f848edef1317aafc56db11a15051d
clear.078.jpg,clear,268765,51490a995f1c01f3f22796dab7f610cf33ddebf5069bf3674628342e6ffa3b07
clear.079.jpg,clear,453040,ba8c4cdee9801475e7d2d3b57214d0e6ce15ba93adff116c9f25bfb05420256b
clear.080.jpg,clear,452941,6c1f35905df80f445a433d82c7dccacc286f6ae8dd4a3bb53225131f10545fe1
clear.081.jpg,clear,463445,ace8a0036a4f48ec8920c89a46a48d14dfa17dac7b019cf1d4e7163aeaede0cc
clear.082.jpg,clear,432034,4b2f399e7d63386d3976e95dc64c2a1f5de47fe353ad77a939b78bed7161fce1
clear.083.jpg,clear,442127,5a0d057ac451c10f15d434df6bc8b4d0a0fdfedeb68b81111a42a0d5d0e40782
clear.084.jpg,clear,439372,66584ec9169181372e94a02815ed739fa6c7466cf8ce4cbeebe335af878c5aad
clear.085.jpg,clear,462494,f791b179281fe02b3ebf3be49ce2748982d4960d5fdedaf623a5bd4bc4bf675b
clear.086.jpg,clear,478073,8d53b38678b44c8e7dc0a15be325e45252eb71f8b80f8ccdd56b8d95e0df5a9c
clear.087.jpg,clear,476617,a09c38c77a0d470d1d8a30b5f0e321872df03425d3d63e2a6038964a98090249
clear.088.jpg,clear,306143,f220616831906505cf05968037750933db560f8cceefa80862c0a601ac3f5917
clear.089.jpg,clear,495654,e2b536e0fe33ff55c3a1d4b30f4889e796271b0e39c1e52df857482b8e4f37bc
clear.090.jpg,clear,527500,e56d41258cc80c0d4224db5f89ec6649c69ec28370e6857c2bfc6ed1f320a637
clear.091.jpg,clear,346194,7c74155cbdac4150c0e2e03e41011d1b700784dfb6b4575cc3444e12b78da914
clear.092.jpg,clear,376675,0fcc5382afcb921ea298b44bc2433ac76ae5f972533d65126b3a4abc119c6373
clear.093.jpg,clear,332931,e137510cfe9bc933ff8af4733a9d70893eee1572e813f43625fcfbff869eac1c
clear.094.jpg,clear,349359,21a0bd9820c51229a80488b3b6cb05c40e32e0e2344642309e70080d09160c4e
clear.095.jpg,clear,489933,8513391d2a3435fd4bdf182f95438bbd10738b117074326cb69913aae9975aa3
clear.096.jpg,clear,512565,8052f2d37d857a07cd9e4e8e954186ded8a005e094b1ef8f9ce3859b4599fdc7
clear.097.jpg,clear,498262,12869786299984120f79622eb307407b4d5309c0f53d2cbe465723873c7d7a1b
clear.098.jpg,clear,520877,5ff35cfb9c5c72cb3c829040e02694e32cc812fd8790398dd03c4113f3e95c34
clear.099.jpg,clear,483318,f22981ba681d9ddeb25a5bd0742799708149d6e1d21f52385f818a79db42ee00
clear.100.jpg,clear,483750,d1d5ac09539325b85b732da04cec6ee5a5bd3b792fa91c4de7892b8c4e68f53b
clear.101.jpg,clear,483479,73195b1be34b1bf9131f7c170162d38a49d5a41ab7669a4347080dd0610d5e30
clear.102.jpg,clear,496008,6beef2693a46a855387aed76ff240007c993da3f4d468329a4c82eb54411fb3e
clear.103.jpg,clear,543488,77c881ef94064828440cc069f373497678e69c239d6da765c769da6a787a201d
clear.104.jpg,clear,177598,ef5876bbe9d2a6525ac81ef21fb373e59737e30dbcec54e3c9c760788995ccfb
clear.105.jpg,clear,297210,4ec9f207d2a1a3f90c0536b9959e7c24ebb1c059f6a3e6d1824953917c629576
clear.106.jpg,clear,296873,d9deec38082a22d89f901156e68882c720bf49776bb967ea375f88f36638df07
clear.107.jpg,clear,154292,0240bd1527dd330f1cb9598683df1b78816c2c5b9a1fe181f696ce3daf44da67
clear.108.jpg,clear,451639,831f84fa0c5311398dd97617a8e4af5cea919ffb3f4b82ff48a49c881e43a68d
clear.109.jpg,clear,442111,e42e8924fbbf37b01eec17e00096a96619fc38e3a11d88363fdc129edbbec98a
clear.110.jpg,clear,431958,f493bc29ba9eb91eb7d8f4b844db7399eb11ca744406c22c3398cc6ee03b7255
clear.111.jpg,clear,446858,96bb0d12b8fac1c5fbe8827dc888db58ab5a030330c629a50ab3dd7003afc7e0
clear.112.jpg,clear,445132,f52b39c01e17286e690cbdc0ac89e4715e057f9657472c8bb0d1ee0db1bfa990
clear.113.jpg,clear,309053,2fc944100019c25a0f7bea10f958b7532cec299c731c1f7cb50d788ef68caa0b
clear.114.jpg,clear,321785,65d4cf2b2362d6b9a350322da5970d8d76ade9743c9a121ea0a4e8981c17c3aa
clear.115.jpg,clear,308692,4e85c93cd468cd0241b7a213d73e3db305be1fe723424e8d5824953658b34cdd
clear.116.jpg,clear,337038,16b0ff2e3a714589ec1b6b43241027a0afd6c9d8f0b3146dfa3fe2616c7867f3
clear.117.jpg,clear,303528,650466631553fc09ae374f62711d50cce6fd80fc5b918ec7d76695056b56161e
clear.118.jpg,clear,342577,d0b5159ec3450dcb1d2466a531fa69dc8484e8504e0d53ed767421cab39a15c3
clear.119.jpg,clear,289478,7a5d539fb31ccbe4375228055059089e4cede823c051ae4764e5fb323c3f41d9
clear.120.jpg,clear,244414,d2b5a1447da3034ed785f08411e9dfdb76f5960db3f2ed2254c38a96e308b1ac
clear.121.jpg,clear,241399,0cd16b4f962459172ebb00bc5450d4685468961692e16c5a78a82592d044bcae
clear.122.jpg,clear,333144,ef504bef3abac18039b961b00d2912243b092cf8f06cd44ca1ac0b5daa95cd91
clear.123.jpg,clear,505482,6196aaad2d5a753d1d071af7c53776287ad20e0c229a61a2e9a71b496aaa56e8
clear.124.jpg,clear,604085,9bdd362535968a05199be97df42030191ff97a796ced6f339fbff7301547b8bf
clear.125.jpg,clear,255596,50579df2c3b262d79c12d477677425d160e35e888452c56190d37ebacc95b54a
clear.126.jpg,clear,350111,02b033cfb96e14d434f97e7c434820e1603e7ecd37e0b7f3855b420adaf40d07
clear.127.jpg,clear,477538,c9bfa291d943d334f963b4333c82636cc60d0b701ccb11fb3d2329c05be09864
clear.128.jpg,clear,345846,9a99dfaef5a273db75adbd8887d37ece3122d86bee9587d70472be6694366844
clear.129.jpg,clear,568396,7abde148dd96e8ae6d2d15629fedb01bdb074824d986d081fddae1d95824d16f
clear.130.jpg,clear,588739,5488beaf9327bdb8d64ad35a53b4914769eda8f0e2ba52fa3ee8e299f8442409
clear.131.jpg,clear,513952,655a24c1ea9b032a2dce51e1b4a6035d831ea00d7b3bf781dffe202c286da58a
clear.132.jpg,clear,581060,57f61d30a3a0867d26f5197528b7ee115029168a744d2411ba4a397f45a5405b
clear.133.jpg,clear,577510,45197c89ecfe1246c07b089c98bd7897dcc5e70a1f15dc2b01fdf6cff001c3f8
clear.134.jpg,clear,541065,f42c839a2367bf7c1f32e35f3266dac74f3cabacbe906c11ca7c5f264e7b757f
clear.135.jpg,clear,524795,d4c33e5dea14514ce0ea0178b1a03f5cfab9f83cb5c7759cb451b20b6184da29
clear.136.jpg,clear,577302,b4710e76a5b75ef19a17f70718dd6644066f4de8e36e8bdc988b1262205e52c7
clear.137.jpg,clear,272444,d4f83ef1b6d26f64f3148ad5e99311605e91b7d417e6e6cb077ac89627b1ddcc
clear.138.jpg,clear,336171,87bbe5aace68097de7a7c26a39774d7e8b8359106e364285dd168426ab8ff641
clear.139.jpg,clear,402961,8eb364b473ab37cb95bd4b105c1c9be62760b869715ef60f80e51023a61cfa01
clear.140.jpg,clear,379638,c9de4979c6a2ef1e4158942d95ec13c40503348e9ff8e7b545b15a2951d6df1f
clear.141.jpg,clear,353512,0ed37f9a2857c86e22732f3553c9d3ce3e7d6be3a1cf63c158e098a3a7e88a84
clear.142.jpg,clear,338760,25890f5c03a170a7a3cb6840e109cde43f5657dcece3b7dbbfa8f650dd8f42aa
clear.143.jpg,clear,338992,e52a45c3da48329cb13409e51e256e3f1d6d852267e34c4d7f175dc578dfe79b
clear.144.jpg,clear,618239,9d33cc30eb8c523c187bcf1fc44bf322cb580ae1ef959ae536019445fea57e95
clear.145.jpg,clear,586575,5cde988d846d47a35e5c39932de89c5e22419e37233adeb4f75df2693b144c4c
clear.146.jpg,clear,446287,16be852b02d749982fdcd9bb661764f0d92cae1698e35e1ebd4e8dd118d9c3d6
clear.147.jpg,clear,332431,702b449206f48a6aa430e56f6c72af23e1124bed75c1751ed93264b5fbdf6908
clear.148.jpg,clear,324912,960db9e46e2bfe03f4981e9b30ef872b0ea994826ec8f22f1cacf25375308437
clear.149.jpg,clear,515966,6667c0b5459341dd0c489a7e39026e59292582a1e0b963564849949e6b7c46e0
clear.150.jpg,clear,420721,5300b9fcacf66470f8b1e08a63042ada12c333fbae7e8ff94fc3c58077ad0df7
clear.151.jpg,clear,308856,d0fce5b0c9ea160af938044900947191a9ea522f30cee9e1e92168a732a33896
clear.152.jpg,clear,491719,2fce9a4b40887a37e36f9472b78ab119830756533650460e4bc4451bc431bde0
clear.153.jpg,clear,487240,6f3064b16a323487569537739e06bf22629f601df8a867ab73e3a97c12a30864
clear.154.jpg,clear,559065,d661b9e293cb88243d10b765f1f0ade112014526399edcecba773475e3b92c30
clear.155.jpg,clear,432040,c2a0cd79e7edcbf87de242bc020ee440bcfa623d4d6d43b8896cf59f3dd436b7
clear.156.jpg,clear,338524,78a3bbcdf18b51eb445efab8939924bb54fb2727fe40c909d85bc4bfeb0028c8
clear.157.jpg,clear,389865,cbff8bccf569d9ea66f5d5abf648232739258adfb44ed8dbbb2880a0a756cf3d
clear.158.jpg,clear,143310,1e356a44d46d751a5d74fb279304aa328490b30608dd2ed67798f265a874deaf
clear.159.jpg,clear,186457,c9c1cddac1b40497996f83f59f1a1ee9987703e6d00f33ccc8f40568193b6810
clear.160.jpg,clear,335142,bab6db532acdac96f39e0bbc5750b5c46550d8ddbc247c30a5016cb9a17d8872
clear.161.jpg,clear,308898,0ec239198349c01b5d3c1914ba3a9accf1e46f526fd1e66a25b213c0c4671948
clear.162.jpg,clear,270846,334245f31c59fa9ac276b747f74b1a418e07de91e2ea751e62247f965e009055
clear.163.jpg,clear,335399,a6131dbd75d13081cae46ae20bcbdd020f397909ad8f4f2b0134f100fea6788c
clear.164.jpg,clear,399207,c81c8314b5f797c102396e4b5d7085d6a80c4b18039f5456599129ab04ae24e1
clear.165.jpg,clear,347876,0e7aa5bc82135d979e59ed011c401e66b6a4dcf5fb9c4ef614b3b352761fb766
clear.166.jpg,clear,291420,24f03944cc8d791c6ec89f57e466c492aa8c7d06dbf5b43730bd0be041d50d3f
clear.167.jpg,clear,437372,d2c17a82d579177a93d88ff0a52d4f05814982c3b292ff6aadaeb2db4350232b
clear.168.jpg,clear,246734,507c3c8407ea0ba4ef6c4b89d4becd39130934042a5ad0fc5e4b0230d01ed4a7
clear.169.jpg,clear,257847,99ce397c62bedbc3976d64e9bb0a55cf040851eb405089c2739506a1aff52263
clear.170.jpg,clear,258074,97f40a5654e5f0a355321dc95f99f1e3006b5fd663cf36eb584f1605b399b208
clear.171.jpg,clear,260724,37241416b3b702119453349f5395f1d316a09e0664e1c7d04421fe2c697b466c
clear.172.jpg,clear,257697,654064c2b51d56ece92f38b82e2a84e5842996cb8c028f98597920e9d395d09b
clear.173.jpg,clear,550496,cfc7c4f754e53f3d3468e27f2999475084dcf173ca5b42d9306d031500e3ff51
clear.174.jpg,clear,544589,43450b667bbd83cb94f9a57ae2418a72877916a5a33197c239428478a6455064
nonclear.000.jpg,obstructed,487227,28ba8c05d5e7fbd04e6c48cc8ef1190b0bb378762f4e8ea6e91474b9b667a032
nonclear.001.jpg,obstructed,488211,ca1ac29e13a57dbdb4c5d0fc94f445bca8e81c9fc8f38175a8b0bd01476cf4e6
nonclear.002.jpg,obstructed,644942,23082c35fa44b4d340c9abc39526bceca09ef02699ec8daa96a8aa9e6f6027ce
nonclear.003.jpg,obstructed,571341,a813fda6f92d53081a8588c5713311c51c3d600c01793eb72b814c801b3ffb84
nonclear.004.jpg,obstructed,590946,110ced5baa8b1f8bcffa0ae20d16fae8909ed038e4c980ebb9c7a2a6978012c9
nonclear.005.jpg,obstructed,534401,71b7885674967e679a76e4da8ab41c0fad892d0f556fe0e77c533ee272fbd94a
nonclear.006.jpg,obstructed,501827,edd67fe64a8d034e7742a2640ca80a0686c56b925f31dc310e2d35cf1d13df5c
nonclear.007.jpg,obstructed,420429,248eb82a7f5b838a632039e652dbc4142082fad3808c3b1395a3d980bfe0404a
nonclear.008.jpg,obstructed,220949,ec0f4671651c3ab95a7471d4c25c7a560f872e327c21b4d61ecc9e762fb9f744
nonclear.009.jpg,obstructed,406625,1aa34305139a6e8dcae8c7ae67c1fce939387d862a23a7bfbc2494950ce6ffe7
nonclear.010.jpg,obstructed,547798,2aff7254a4c67c8b2dd85af87d7009fc3c9732aa61fdf825519d1185474bab56
nonclear.011.jpg,obstructed,674683,6d5d16080434c86e0c5b0ec83b762836caa5ea501272722aae691d5e090acc7d
nonclear.012.jpg,obstructed,683033,f376458e13df41ac84446010dd5664df8b6da0c090f5864b3e1780f410ea59f0
nonclear.013.jpg,obstructed,653101,e9bf0b9441f45c8efce6cdac82cd86957bebc92c3171911145999b7c4ea23895
nonclear.014.jpg,obstructed,576757,a9118b5386c5f58d73202c733a472ff08bd225fb78ea6214b10b16f05b4739d0
nonclear.015.jpg,obstructed,445201,118f90995595be462651998a7e6ead81b4514c42157dbd98039ca3140a2e777e
nonclear.016.jpg,obstructed,567083,c199d6a22439870453e2a022de5444fc532ee741e24dedcf38331c98ea1733cc
nonclear.017.jpg,obstructed,611649,50de8849e09ca41ed7fa524b02cd4ae39ef32c310eefac5ab7d327867f8833d5
nonclear.018.jpg,obstructed,620311,0aef1db789058e2e926a14f2bfa6f98e62f8cb31ca0539982e77112bae7d3eae
nonclear.019.jpg,obstructed,581220,4d07f45241b9e2f6026937ff1edc6e327c1ef97d056a802ec48bc6e702bcfd29
nonclear.020.jpg,obstructed,475303,934fdbc148d97c30243bd44e42b414037861efdb960180dc5398321ad8b6e5a3
nonclear.021.jpg,obstructed,508492,f7d8f37b39014fe8ae0895b3b287e2d2da34301efe9431225d8deaa7e7a0a6d6
nonclear.022.jpg,obstructed,432286,0336b87fde32d230df8f0165b5d8b7e22815e6e0c8a706ff13530fb53eb9b0bc
nonclear.023.jpg,obstructed,578449,36c5e09965e0f318484efbcab49b9f40fc125645bf0ac6d56005daccec4c151e
nonclear.024.jpg,obstructed,585478,260ca2d6bd0e6792c8256de7ba52dc5c29dcbbb96681453b271825b1976e323c
nonclear.025.jpg,obstructed,470390,c473194d0c0bc08be02f9ee396f24cea3fc305c998c7d998f94c90d3ae58cb78
nonclear.026.jpg,obstructed,500527,b17d2779ab632b15e3e6b385bec15a7d92e4f768f2c63df59c76208b5a5602bd
nonclear.027.jpg,obstructed,599679,a38b84cbfd131e8ca3b374b4e85eccd1454af2fcc3ce934e379503f95f5dfee9
nonclear.028.jpg,obstructed,573179,d64ef0a9d806026e19648906558418c643a223a4ff17e42fb59c6f238b7bc81a
nonclear.029.jpg,obstructed,559510,62234edb490a162bef35925148de0c4a52b43fa546831ed64e8add1411d202c5
nonclear.030.jpg,obstructed,471185,f4ddbbd9a8dc5589fc676908120f91f74a3ee354d4a8f62befb281819594b928
nonclear.031.jpg,obstructed,533198,eb5141a4f3bdb7de63e3404b227f35a9b82669d685d820603e9e65b808c09089
nonclear.032.jpg,obstructed,501683,3570ed6585eef4f31fdf1bac13d789541ccb6af72db5a98acc6827d434c1d948
nonclear.033.jpg,obstructed,562284,74773e19a3fcb38790c9be4121fda713fc56230edd6d3dfa018acadc330be67c
nonclear.034.jpg,obstructed,598188,b41f03bced48970365c9590d30bd7551cf24bdf6cd2037b9ede4cbc24231d50c
nonclear.035.jpg,obstructed,427041,03ad235159dc9059ecba277cedbdd53a4341300904563069edb4ddca8f7c4ac2
nonclear.036.jpg,obstructed,276126,6b852d0cf68e07f5ce5be4f4ebddb210a1da689b1a961dcf92bf16c9f20e3354
nonclear.037.jpg,obstructed,375104,4051e0ded9a57fb1fa400b6641d3538ce4d37f228d80ee5b40ee4074a74b2221
nonclear.038.jpg,obstructed,237103,cbccfae4bd51a8457004ea83f2b2c3547210ee03bc7f84d6339760bc5f1ca325
nonclear.039.jpg,obstructed,383523,d91483878e45d703ca5a44ab1b4810e4ebfbb9806582c07e5e61931aa26d738b
nonclear.040.jpg,obstructed,392338,93e772f60eca6c75839255701a71c4e109928dde16997ff47b752e0b90871e43
nonclear.041.jpg,obstructed,671076,7612e725a4b2c9d5fbed246c8373c2a59642cfc5fa2ad53ac81ee293b84c921a
nonclear.042.jpg,obstructed,582771,bdfbefbc53ca60e85517794660d1c962ce3f34a5f5cb1cfe6ebf2c0313567b5f
nonclear.043.jpg,obstructed,689929,8a438693d0113d3b7c49afb91272c0ee3a2777eba0d245cce8dff55920762101
nonclear.044.jpg,obstructed,633438,12a586d868d28c3e9d4d0bb0c4570f0bdcab38b35307017c12fce19c29954937
nonclear.045.jpg,obstructed,509653,8ac594e51ddf8639d72f34a13e505356e1351e5d85b6f48e640aec49aaaed143
nonclear.046.jpg,obstructed,685607,f76a6c3a7fb7ec1c83fee71a6534bbf71300937f1a4ed686543ab65b50d7df47
nonclear.047.jpg,obstructed,658499,5a73feb1d421b64fa602977d33c01015bbaeb3b11242567c2b56df1b18d483c0
nonclear.048.jpg,obstructed,652170,274ca0c369f8bba5cb77e651b8f2ef20b70b4aabdcc6738d54386e4a4b26566c
nonclear.049.jpg,obstructed,645149,20bf80e76d879e334b851a603e1d7df07e2679713ffc60591a40a52e0a6187e9
nonclear.050.jpg,obstructed,631671,43f85ace9925d4d461c76a6792d3babc340b5064a83a27f1ca2db4d7169a7a48
nonclear.051.jpg,obstructed,464186,40bbda79f948dbc685f7428ea495329279b52e48f5e0f3f4868f15bf08efcdc1
nonclear.052.jpg,obstructed,409477,eac0cde1f58415f09fecce446dbfc421f8301d7f2a144ab903b64a8dc77e3ba3
nonclear.053.jpg,obstructed,551146,b83dc71b741ed65feb6555145e5acc6e60194413ee7738e585ab3b092d875f82
nonclear.054.jpg,obstructed,476175,ce9198439a86d648584a0cf03baed2eba0d4f48a3ac73e1aff4b26c7f2eaf6dd
nonclear.055.jpg,obstructed,449092,ed415fa4079f027024cf99ef0b8ad9e2afb6b4214db2728b7912b26a9d77c174
nonclear.056.jpg,obstructed,485111,0dded8e3986e19069fbbfa1b393f0594a2c24de97d8e79f7251bd240e92f8886
nonclear.057.jpg,obstructed,532357,90e3ea5ce72243026073da7f6243e30052fd43f17991877bf884b8386c84d934
nonclear.058.jpg,obstructed,470449,7241c79e2d4a195a61ac4e361e2284cbd5ad3a4b1a09a10899c7e2ed89e38fa6
nonclear.059.jpg,obstructed,453003,e1f95248db917344d255d5c72e04ee95860b9d288b6559066839ca6c696951e1
nonclear.060.jpg,obstructed,441435,3a2c1f9b5305bccfad59925d4f5c43b7b9082cc7631abf77dfc0c237c9d5508c
nonclear.061.jpg,obstructed,481505,b555525a5723d6b467d01c9bd3a6013517e332565cbd06dd34b7dc97b70da4b6
nonclear.062.jpg,obstructed,434089,7b361b3f3bdad207a36266b81c6a5d9599162721183d766ab37729c6541eb5a1
nonclear.063.jpg,obstructed,398452,29b1ea22cf1bcd9c45e1d65f7f3350b7b05f4d74b1cbe2284901ec3c82011134
nonclear.064.jpg,obstructed,431404,121f1cbd028f094bb0b09bc9e2022d4a968fee88e3eebf2b5dd810c254e58480
nonclear.065.jpg,obstructed,427294,d594bc035c7a1c5517019f02aab965795ab37c6c0f4b1a6aafc096c3fcfd5eda
nonclear.066.jpg,obstructed,458570,0d3265c4c6b06c039cb6328fe1f098c3920389ed20f18708dbaf109fff884be3
nonclear.067.jpg,obstructed,453484,a7b984f5b53c6d2fa792d7877bf9ac345a6126d186a7541a5fee4f1bdb80b1c1
nonclear.068.jpg,obstructed,464482,f31b423d118dde754c9e149a409545cb9e52d6af042ac8c4f4c082b20c0930c0
nonclear.069.jpg,obstructed,531805,6c4dab932c500e29f7fa78c15987a19617e438babdcf3ff5f972f2a385f215e5
nonclear.070.jpg,obstructed,448966,3d06e0a78f881bee36673e4c50c45626bdd3fde91aef8edb740d749140dded37
nonclear.071.jpg,obstructed,424801,21330f481e3288e80a0dfd0355b22c1dac781781bec40ee7ffcac13ce747e05b
nonclear.072.jpg,obstructed,445538,1bad511f2cc950207dc4520b180fb226a25264ea8797f3a1225929d22b8e861b
nonclear.073.jpg,obstructed,390990,98d3967e779154fc0f65d0de88ded9a80d635f99a4a4c6737f13014d2f692eee
nonclear.074.jpg,obstructed,520783,c335b7fd510376370d186a5aae90fc822f705da6a53b1121a757fe5445bb9039
nonclear.075.jpg,obstructed,433325,10d6a84fa798d5ad5ea584697f4b14051f90d213fbf4df56293a5b875a1f55cc
nonclear.076.jpg,obstructed,360368,c9a6eac9a1bd1457d1cf20b946b2d10b6305c7be1677c562d466806a3c86ad4e
nonclear.077.jpg,obstructed,389858,a4b356cc7b2fa93f2db1904876756289f5fbd3e1f2fc19a96410b3f1bf9b2076
nonclear.078.jpg,obstructed,393664,6bf8bf3e9905cecfc0e50a79c579ba14d4e3bc4b26787b67181ee5c0a6628208
nonclear.079.jpg,obstructed,469942,3db47b428341d1322f44d528c43d8efefd4685f9198709c3b497c3973121b86e
nonclear.080.jpg,obstructed,414884,8ccc9d89295ed1b82a0809328d3417db0f73c63816d90c5f3aed20925c2e3b98
nonclear.081.jpg,obstructed,387653,da2f434cdc66a07cd3a3e78cd0bb48f5c8c7f9eb9f0294f86177e9511d2d94e5
nonclear.082.jpg,obstructed,440878,5daf8e1651e12a15dbcfa618b5da3daf5ac47630d4777b6f0f86811209c5bbd4
nonclear.083.jpg,obstructed,426102,9c418cdd9efc89ebd3c8bbd8a6e52ab4fd42506dbdaa1a929df15c79412179b3
nonclear.084.jpg,obstructed,449996,9b084e785e7ad45296ed1c18d58b0fcedbd71b12505e6b51635a7273a186b0e7
nonclear.085.jpg,obstructed,444743,f4aba598a329eef84c2d2b044eb86cbea2f04be56d020a0c156f1dc0313d250e
nonclear.086.jpg,obstructed,514448,ae80ce9ce12d9b6baee80de108eb222fa60e53264f8d7a4ae9b3689c6907a783
nonclear.087.jpg,obstructed,510163,16e2482cb49b0a13936bc00711c85c1caa22d816629003a30367e633fe57f6a4
nonclear.088.jpg,obstructed,486200,30638d36c91a1f5d9c299f26fe6fc725ff0a7110d52254c6c7fce98130117250
nonclear.089.jpg,obstructed,374453,da581ce0aa2ad160023029c565384bf09bbb19e39c73df4a335eaf5dfc89e0e2
nonclear.090.jpg,obstructed,486488,2c6bfe31e7aafc6232acbe2bde954b3219ad71c29283a0274d5b8223ae20ddbc
nonclear.091.jpg,obstructed,395668,271dde743042d367e38c6d079d6e7ce8305d8aca131586351e257cf92bb61408
nonclear.092.jpg,obstructed,415452,792899d86694bf4ab6b7514368284b7badffd752479c121797d94906007c32fe
nonclear.093.jpg,obstructed,523563,ae1baa5ed72332758518b8bd3fd2464153d7e6e37ec5405b70726a510cd5c64b
nonclear.094.jpg,obstructed,527081,290bd39b63e71fc5670b52e8f368ae400f600a72f1a474f31d91443edd6480d4
nonclear.095.jpg,obstructed,554813,a011d73a2682748496fb78b762a4765a1b3497f0db018c38fa61e696002adf1a
nonclear.096.jpg,obstructed,497267,7c697a5bfcf225111055d0a236e258508f9e6d14332566ce0761d347aea2d53c
nonclear.097.jpg,obstructed,481404,2cb712b02ced7745d3bd3ce420eb37bbf6b14181337c70cbc84dc0634cf84ef4
nonclear.098.jpg,obstructed,468441,32465111beabb5fb02ee70f03ae009d2af7ea2fb23019f69f80efb2ec5acc07c
nonclear.099.jpg,obstructed,546414,16e40d343579980d9cb39e57abc4564d0c279ad0a2cb4241340ba2e3570d25d2
nonclear.100.jpg,obstructed,551533,d0c2354800b926e75472c365b90c2c89dbc86f823c5bf2a38a3da81b4eedc22e
nonclear.101.jpg,obstructed,512279,7d22ea87badd0ffc3b74024ef7ac2fcf3c9567b9eaff689df31ab851034acca7
nonclear.102.jpg,obstructed,513754,c404735926ae7b86b27f1ac964ff9ae1650792186eeeb59da5abb8dfe319436b
nonclear.103.jpg,obstructed,517904,04d200ed1ef52e0be70955b71090a3cb80c6885991743b4d2045ff04bc839339
nonclear.104.jpg,obstructed,478007,bd90bd2b9ae0ac937fc5c42e4a05cab286be10458243bae157525b0b4be0c6d6
nonclear.105.jpg,obstructed,554662,552bef8a8dde4d3ac0ac8e4cc2fc14e8be42cfd889ebf557c35f4ff6671c090e
nonclear.106.jpg,obstructed,594023,a40204a9d917c4e9dcc4db46edf6f5acce82bda2dde05e2a5ab5084bd1d64c0e
nonclear.107.jpg,obstructed,501036,371f1effb5a47c2e9b53686fe8b71a6273908c347de7a7a5a9e505c5a8f13827
nonclear.108.jpg,obstructed,516150,43d5bb55e193608b6f8385b274a10b403d344aeea696389636b254e76f2d9cba
nonclear.109.jpg,obstructed,446949,8cefa19817d3288f828e6fd72c314c0410fa7f5a5ec3d2efb8209b1ebc8eacf7
nonclear.110.jpg,obstructed,597049,758f901286cdce5572167ef852512134430c95a1d5573566b39043609687e2fb
nonclear.111.jpg,obstructed,531921,e5dd90a6c7373834bdf54adc54395e8478d89906af8f6fc7688037d849008bbb
nonclear.112.jpg,obstructed,450153,bd9f2b8658cc857486b447fa2a877c64307287ae2511e106350288571e1973b6
nonclear.113.jpg,obstructed,289762,b160ccc93581c81123ec36b495c2c62538e5fbc966a734e7747549fdaa6206bd
nonclear.114.jpg,obstructed,364612,998bfeba42eef6666aff933300410e7c140dfc9119f173d861683ccb7fa69ee7
nonclear.115.jpg,obstructed,429035,b59188d9e4cbb76984f2834a13aba0097592205ee64bdd557ef1d4fbddf66b1f
nonclear.116.jpg,obstructed,455326,ae5ae6735968d459ee0efd99f45a8f5ecf4d511b45af9260cd1ec8b830e71295
nonclear.117.jpg,obstructed,384926,2130edf96b9a7073955dd5cc8882e4c7024408bb907cb409881e8a46b289887a
nonclear.118.jpg,obstructed,439982,d3df0f9e110ac102dc48908b2cef5518eba981b4b733d1b626844409441f2e3d
nonclear.119.jpg,obstructed,368390,2f69771d84f2e82f690057355abb695f021a339d5a5137ad9dd9ef7c61aa5358
nonclear.120.jpg,obstructed,423655,378f222cb5652589efea604b23141d9861618b12c9775ee2af8286569d43ce2d
nonclear.121.jpg,obstructed,393458,2bab03289aa4a15351c432c3f9eb0a1051610767e7b6cc3ddc8ebdaa35671003
nonclear.122.jpg,obstructed,347039,dbfe430e34cba738a03164a4517389eb5419d58ba807905d6de3be01c33606aa
nonclear.123.jpg,obstructed,321729,7365b35fae409b8167261c69b360013f73bf1ad8f551f82c5ee59e74347d58c4
nonclear.124.jpg,obstructed,327681,e0a12543b1fcc470f087671dd1774b9ed05e727b4cb8eca1dd4101a367b624e5
nonclear.125.jpg,obstructed,314851,675516d3c273bfbded4ea721133aeae73b8f3fa503c721af92ef8234809f7f29
nonclear.126.jpg,obstructed,287663,f3cff68e065a3867f5ddfcbf74f892db0554eac2789e062935032517dcc856a2
nonclear.127.jpg,obstructed,393794,34936e54012f5d00660915109fd736c8bdf112fab515ed8cdab26fa39bfe9875
nonclear.128.jpg,obstructed,561682,f63572bab3170047a5b089155273d172dab28100b298a058a0d73e68e0abfde6
nonclear.129.jpg,obstructed,607871,a4ab7ea277fecacf4d8fece48836b2388580f2da36a29fec57628b6e8423f5ad
nonclear.130.jpg,obstructed,552512,09c243d1d153f2e7434c4eda6305fda87a9650c6a110f7caa3bd05c3fd086c75
nonclear.131.jpg,obstructed,367306,775f01a3a923d4aa7b7b9f5787667ac0dbdc39dbe4a7fed3486e967d4148ccdf
nonclear.132.jpg,obstructed,341345,935ccab13ff3effa67a6f6c30c6f0d9878ad3368ab92a9f779b8facc90ab011f
nonclear.133.jpg,obstructed,364775,edcb0186dac924b5d63130cda23c62e9fe1b8ef2f1796ca9ce0e6f35de0ae94e
nonclear.134.jpg,obstructed,293133,53513d14d97d55d5b1cbea91c8a398ff1afd82ba37f18b25ed02ae656f4d36c9
nonclear.135.jpg,obstructed,355589,331941f4756e48db37d6365e28e4316c87c751f9005a0e0624f1449fbbefa40f
nonclear.136.jpg,obstructed,304693,e2d01f3261807c602ff9933efdeed87ac9b326de18ad62c37cbd2e0061daab3b
nonclear.137.jpg,obstructed,287242,4ce94806e2e662f6ba7dd8f514a08808fd215c550a099f7bd3f8007cef6d478b
nonclear.138.jpg,obstructed,448951,076a01b793e7ad3e1e7918f0bada7f9000b0e65984fb563becb7c4646893a453
nonclear.139.jpg,obstructed,364241,f13457ec584cb8fc0c777400059ce4f1f68f4fb4c6fd1b2a459ccaddb24a0252
nonclear.140.jpg,obstructed,504302,949c393cf8bbe27d9b05264b3e77fa114cda08bccdaf14fbb510db84e7b41dd2
nonclear.141.jpg,obstructed,436389,9a6540504b752cc7bc31e7158081886decefae7c12e1dbd821539100cfee6582
nonclear.142.jpg,obstructed,444602,bb9f585db715085eda3b345de46348210decaf1c92ff63ce5d9049da166755af
nonclear.143.jpg,obstructed,441969,521f3535fbf77e6753305c094e9d0ae93cda7211ea4e4b41f16479d5fc2954a7
nonclear.144.jpg,obstructed,582402,7102fd71e6ef5ca4b190e1f2335866e7d035159c608f590749121753601cf417
nonclear.145.jpg,obstructed,470690,06905934705c56bf4be7423a13a6dab428f8901c1fc3c959e714c94934560cac
nonclear.146.jpg,obstructed,536791,e45476b5468c8a4a91858eaae779481733aaf95ce41969fd636001d7e78db275
nonclear.147.jpg,obstructed,594372,32635c0f4fd7286d055f41a89a29ae5118938de6b0930eaccb7fec0c3732c674
nonclear.148.jpg,obstructed,589218,ca0dbf0e6b42aaac3627bc128352ca362241c3b1cbfb7d1a3e1159ac56e5c029
nonclear.149.jpg,obstructed,551966,163512e8efb954c28dc1b9cba3205d1fe594ef3a806369d0d371b877d81f1a8c
nonclear.150.jpg,obstructed,577255,73ad3b8f9b7b41930ce92039b8a23cfdf61c4d5ab13a136cfee949b5070923a0
nonclear.151.jpg,obstructed,548940,b10072ee68469967513e9a329c26d5602f57678d83723123015395df28ce050d
nonclear.152.jpg,obstructed,590475,9e89abd58d37b93eec7e63e61576f8c25416a3b88fa77391d161c4d0325acb28
nonclear.153.jpg,obstructed,548011,d2ce4fdf5e59c067f6e70f4c637f058e7b8c54aace59627ea09611608ee149e4
nonclear.154.jpg,obstructed,575066,ab9473f65dd59631100864a39dbb8da2e75d44d92887b502c24d8202e9bedf06
nonclear.155.jpg,obstructed,662720,f7d5649a4c57965cd2534bc82d9a15f57129985772df2b85771227c94edb946d
nonclear.156.jpg,obstructed,596818,ad90db4fd81c6eebba812575156f9934a3b22169c050077a5c2d8f08e0d744ff
nonclear.157.jpg,obstructed,562229,8261f1e7ded6a3982c2eb04c30f695fb0f7d9f192b1d254e41023e73be536124
nonclear.158.jpg,obstructed,574730,939a35524880d9540aa19df96df8960179d487ab8cc20f7915a52870798282c6
nonclear.159.jpg,obstructed,440726,d0b30cbc7d7c42c5cee43444c16098b4526c01c48687e3b74bc52bc09a809104
nonclear.160.jpg,obstructed,266964,937f3749ed46150b77c9ab1e3302ca58378cb4d152e4d9df95ae598ebdbb618b
nonclear.161.jpg,obstructed,462370,c626f1312e03732ef6263944e8ef705cf8b81d3097cf4d8cc80a65e48a81eea7
nonclear.162.jpg,obstructed,437875,afaf4a1faf1e1f14334895fdac8af15a6c1c7c25a70650a9a142c54edcbbd67c
nonclear.163.jpg,obstructed,388891,1e892e7bf0708d4a337169d197064df0b7af3ff58bd5f9a8a118bc523f0eb539
nonclear.164.jpg,obstructed,394379,3761644a5d9f72fa3d8bd3332c0d1cb246a734da6b093b6b21808ea98b0a754f
nonclear.165.jpg,obstructed,286459,f2e7f391d765466c85538aee9622111adb7c633ca667bf5e22d633b9841e4514
nonclear.166.jpg,obstructed,429968,b3ef7695b91311c1911dec30f12e88c2b686a5f84276604f498c5babd62c2e5f
