group,file,experiments,prediction_rows
0,per_sample_predictions/group_0000.csv.gz,8,466
1,per_sample_predictions/group_0001.csv.gz,8,423
2,per_sample_predictions/group_0002.csv.gz,8,456
3,per_sample_predictions/group_0003.csv.gz,8,401
4,per_sample_predictions/group_0004.csv.gz,8,431
5,per_sample_predictions/group_0005.csv.gz,8,410
6,per_sample_predictions/group_0006.csv.gz,8,390
7,per_sample_predictions/group_0007.csv.gz,8,383
8,per_sample_predictions/group_0008.csv.gz,8,462
9,per_sample_predictions/group_0009.csv.gz,8,496
10,per_sample_predictions/group_0010.csv.gz,8,379
11,per_sample_predictions/group_0011.csv.gz,8,412
12,per_sample_predictions/group_0012.csv.gz,8,353
13,per_sample_predictions/group_0013.csv.gz,8,370
14,per_sample_predictions/group_0014.csv.gz,8,313
15,per_sample_predictions/group_0015.csv.gz,8,526
16,per_sample_predictions/group_0016.csv.gz,8,387
17,per_sample_predictions/group_0017.csv.gz,8,381
18,per_sample_predictions/group_0018.csv.gz,8,358
19,per_sample_predictions/group_0019.csv.gz,8,366
20,per_sample_predictions/group_0020.csv.gz,8,335
21,per_sample_predictions/group_0021.csv.gz,8,394
22,per_sample_predictions/group_0022.csv.gz,8,383
23,per_sample_predictions/group_0023.csv.gz,8,453
24,per_sample_predictions/group_0024.csv.gz,8,465
25,per_sample_predictions/group_0025.csv.gz,8,348
26,per_sample_predictions/group_0026.csv.gz,8,451
27,per_sample_predictions/group_0027.csv.gz,8,441
28,per_sample_predictions/group_0028.csv.gz,8,424
29,per_sample_predictions/group_0029.csv.gz,8,395
30,per_sample_predictions/group_0030.csv.gz,8,381
31,per_sample_predictions/group_0031.csv.gz,8,368
32,per_sample_predictions/group_0032.csv.gz,8,401
33,per_sample_predictions/group_0033.csv.gz,8,478
34,per_sample_predictions/group_0034.csv.gz,8,975
35,per_sample_predictions/group_0035.csv.gz,8,486
36,per_sample_predictions/group_0036.csv.gz,8,510
37,per_sample_predictions/group_0037.csv.gz,8,510
38,per_sample_predictions/group_0038.csv.gz,8,532
39,per_sample_predictions/group_0039.csv.gz,8,537
40,per_sample_predictions/group_0040.csv.gz,8,577
41,per_sample_predictions/group_0041.csv.gz,8,581
42,per_sample_predictions/group_0042.csv.gz,8,603
43,per_sample_predictions/group_0043.csv.gz,8,620
44,per_sample_predictions/group_0044.csv.gz,8,601
45,per_sample_predictions/group_0045.csv.gz,8,569
46,per_sample_predictions/group_0046.csv.gz,8,1099
47,per_sample_predictions/group_0047.csv.gz,8,851
48,per_sample_predictions/group_0048.csv.gz,8,856
49,per_sample_predictions/group_0049.csv.gz,8,857
50,per_sample_predictions/group_0050.csv.gz,8,849
51,per_sample_predictions/group_0051.csv.gz,8,871
52,per_sample_predictions/group_0052.csv.gz,8,868
53,per_sample_predictions/group_0053.csv.gz,8,903
54,per_sample_predictions/group_0054.csv.gz,8,929
55,per_sample_predictions/group_0055.csv.gz,8,954
56,per_sample_predictions/group_0056.csv.gz,8,911
57,per_sample_predictions/group_0057.csv.gz,8,939
58,per_sample_predictions/group_0058.csv.gz,8,806
59,per_sample_predictions/group_0059.csv.gz,8,703
60,per_sample_predictions/group_0060.csv.gz,8,651
61,per_sample_predictions/group_0061.csv.gz,8,601
62,per_sample_predictions/group_0062.csv.gz,8,560
63,per_sample_predictions/group_0063.csv.gz,8,545
64,per_sample_predictions/group_0064.csv.gz,8,523
65,per_sample_predictions/group_0065.csv.gz,8,543
66,per_sample_predictions/group_0066.csv.gz,8,526
67,per_sample_predictions/group_0067.csv.gz,8,531
68,per_sample_predictions/group_0068.csv.gz,8,538
69,per_sample_predictions/group_0069.csv.gz,8,512
70,per_sample_predictions/group_0070.csv.gz,8,912
71,per_sample_predictions/group_0071.csv.gz,8,541
72,per_sample_predictions/group_0072.csv.gz,8,547
73,per_sample_predictions/group_0073.csv.gz,8,553
74,per_sample_predictions/group_0074.csv.gz,8,556
75,per_sample_predictions/group_0075.csv.gz,8,573
76,per_sample_predictions/group_0076.csv.gz,8,555
77,per_sample_predictions/group_0077.csv.gz,8,560
78,per_sample_predictions/group_0078.csv.gz,8,596
79,per_sample_predictions/group_0079.csv.gz,8,590
80,per_sample_predictions/group_0080.csv.gz,8,584
81,per_sample_predictions/group_0081.csv.gz,8,658
82,per_sample_predictions/group_0082.csv.gz,8,1237
83,per_sample_predictions/group_0083.csv.gz,8,928
84,per_sample_predictions/group_0084.csv.gz,8,975
85,per_sample_predictions/group_0085.csv.gz,8,920
86,per_sample_predictions/group_0086.csv.gz,8,959
87,per_sample_predictions/group_0087.csv.gz,8,919
88,per_sample_predictions/group_0088.csv.gz,8,989
89,per_sample_predictions/group_0089.csv.gz,8,1003
90,per_sample_predictions/group_0090.csv.gz,8,1031
91,per_sample_predictions/group_0091.csv.gz,8,1063
92,per_sample_predictions/group_0092.csv.gz,8,1076
93,per_sample_predictions/group_0093.csv.gz,8,1053
94,per_sample_predictions/group_0094.csv.gz,8,746
95,per_sample_predictions/group_0095.csv.gz,8,721
96,per_sample_predictions/group_0096.csv.gz,8,601
97,per_sample_predictions/group_0097.csv.gz,8,623
98,per_sample_predictions/group_0098.csv.gz,8,539
99,per_sample_predictions/group_0099.csv.gz,8,511
100,per_sample_predictions/group_0100.csv.gz,8,519
101,per_sample_predictions/group_0101.csv.gz,8,498
102,per_sample_predictions/group_0102.csv.gz,8,513
103,per_sample_predictions/group_0103.csv.gz,8,483
104,per_sample_predictions/group_0104.csv.gz,8,465
105,per_sample_predictions/group_0105.csv.gz,8,471
106,per_sample_predictions/group_0106.csv.gz,8,936
107,per_sample_predictions/group_0107.csv.gz,8,568
108,per_sample_predictions/group_0108.csv.gz,8,559
109,per_sample_predictions/group_0109.csv.gz,8,561
110,per_sample_predictions/group_0110.csv.gz,8,592
111,per_sample_predictions/group_0111.csv.gz,8,600
112,per_sample_predictions/group_0112.csv.gz,8,604
113,per_sample_predictions/group_0113.csv.gz,8,600
114,per_sample_predictions/group_0114.csv.gz,8,597
115,per_sample_predictions/group_0115.csv.gz,8,600
116,per_sample_predictions/group_0116.csv.gz,8,618
117,per_sample_predictions/group_0117.csv.gz,8,695
118,per_sample_predictions/group_0118.csv.gz,8,1223
119,per_sample_predictions/group_0119.csv.gz,8,994
120,per_sample_predictions/group_0120.csv.gz,8,969
121,per_sample_predictions/group_0121.csv.gz,8,1008
122,per_sample_predictions/group_0122.csv.gz,8,1014
123,per_sample_predictions/group_0123.csv.gz,8,1071
124,per_sample_predictions/group_0124.csv.gz,8,1059
125,per_sample_predictions/group_0125.csv.gz,8,1108
126,per_sample_predictions/group_0126.csv.gz,8,1115
127,per_sample_predictions/group_0127.csv.gz,8,1101
128,per_sample_predictions/group_0128.csv.gz,8,1122
129,per_sample_predictions/group_0129.csv.gz,8,1095
130,per_sample_predictions/group_0130.csv.gz,8,608
131,per_sample_predictions/group_0131.csv.gz,8,641
132,per_sample_predictions/group_0132.csv.gz,8,649
133,per_sample_predictions/group_0133.csv.gz,8,636
134,per_sample_predictions/group_0134.csv.gz,8,588
135,per_sample_predictions/group_0135.csv.gz,8,585
136,per_sample_predictions/group_0136.csv.gz,8,535
137,per_sample_predictions/group_0137.csv.gz,8,486
138,per_sample_predictions/group_0138.csv.gz,8,505
139,per_sample_predictions/group_0139.csv.gz,8,489
140,per_sample_predictions/group_0140.csv.gz,8,486
141,per_sample_predictions/group_0141.csv.gz,8,493
142,per_sample_predictions/group_0142.csv.gz,8,856
143,per_sample_predictions/group_0143.csv.gz,8,405
144,per_sample_predictions/group_0144.csv.gz,8,384
145,per_sample_predictions/group_0145.csv.gz,8,422
146,per_sample_predictions/group_0146.csv.gz,8,469
147,per_sample_predictions/group_0147.csv.gz,8,494
148,per_sample_predictions/group_0148.csv.gz,8,513
149,per_sample_predictions/group_0149.csv.gz,8,508
150,per_sample_predictions/group_0150.csv.gz,8,516
151,per_sample_predictions/group_0151.csv.gz,8,542
152,per_sample_predictions/group_0152.csv.gz,8,504
153,per_sample_predictions/group_0153.csv.gz,8,475
154,per_sample_predictions/group_0154.csv.gz,8,1003
155,per_sample_predictions/group_0155.csv.gz,8,746
156,per_sample_predictions/group_0156.csv.gz,8,736
157,per_sample_predictions/group_0157.csv.gz,8,765
158,per_sample_predictions/group_0158.csv.gz,8,760
159,per_sample_predictions/group_0159.csv.gz,8,770
160,per_sample_predictions/group_0160.csv.gz,8,776
161,per_sample_predictions/group_0161.csv.gz,8,792
162,per_sample_predictions/group_0162.csv.gz,8,846
163,per_sample_predictions/group_0163.csv.gz,8,850
164,per_sample_predictions/group_0164.csv.gz,8,828
165,per_sample_predictions/group_0165.csv.gz,8,842
166,per_sample_predictions/group_0166.csv.gz,8,677
167,per_sample_predictions/group_0167.csv.gz,8,569
168,per_sample_predictions/group_0168.csv.gz,8,448
169,per_sample_predictions/group_0169.csv.gz,8,435
170,per_sample_predictions/group_0170.csv.gz,8,399
171,per_sample_predictions/group_0171.csv.gz,8,382
172,per_sample_predictions/group_0172.csv.gz,8,406
173,per_sample_predictions/group_0173.csv.gz,8,379
174,per_sample_predictions/group_0174.csv.gz,8,376
175,per_sample_predictions/group_0175.csv.gz,8,366
176,per_sample_predictions/group_0176.csv.gz,8,374
177,per_sample_predictions/group_0177.csv.gz,8,375
178,per_sample_predictions/group_0178.csv.gz,8,684
179,per_sample_predictions/group_0179.csv.gz,8,420
180,per_sample_predictions/group_0180.csv.gz,8,399
181,per_sample_predictions/group_0181.csv.gz,8,435
182,per_sample_predictions/group_0182.csv.gz,8,471
183,per_sample_predictions/group_0183.csv.gz,8,500
184,per_sample_predictions/group_0184.csv.gz,8,492
185,per_sample_predictions/group_0185.csv.gz,8,519
186,per_sample_predictions/group_0186.csv.gz,8,531
187,per_sample_predictions/group_0187.csv.gz,8,562
188,per_sample_predictions/group_0188.csv.gz,8,553
189,per_sample_predictions/group_0189.csv.gz,8,501
190,per_sample_predictions/group_0190.csv.gz,8,1027
191,per_sample_predictions/group_0191.csv.gz,8,894
192,per_sample_predictions/group_0192.csv.gz,8,885
193,per_sample_predictions/group_0193.csv.gz,8,869
194,per_sample_predictions/group_0194.csv.gz,8,942
195,per_sample_predictions/group_0195.csv.gz,8,906
196,per_sample_predictions/group_0196.csv.gz,8,892
197,per_sample_predictions/group_0197.csv.gz,8,922
198,per_sample_predictions/group_0198.csv.gz,8,920
199,per_sample_predictions/group_0199.csv.gz,8,989
200,per_sample_predictions/group_0200.csv.gz,8,998
201,per_sample_predictions/group_0201.csv.gz,8,966
202,per_sample_predictions/group_0202.csv.gz,8,595
203,per_sample_predictions/group_0203.csv.gz,8,513
204,per_sample_predictions/group_0204.csv.gz,8,471
205,per_sample_predictions/group_0205.csv.gz,8,478
206,per_sample_predictions/group_0206.csv.gz,8,465
207,per_sample_predictions/group_0207.csv.gz,8,485
208,per_sample_predictions/group_0208.csv.gz,8,468
209,per_sample_predictions/group_0209.csv.gz,8,456
210,per_sample_predictions/group_0210.csv.gz,8,466
211,per_sample_predictions/group_0211.csv.gz,8,450
212,per_sample_predictions/group_0212.csv.gz,8,423
213,per_sample_predictions/group_0213.csv.gz,8,420
214,per_sample_predictions/group_0214.csv.gz,8,863
215,per_sample_predictions/group_0215.csv.gz,8,463
216,per_sample_predictions/group_0216.csv.gz,8,424
217,per_sample_predictions/group_0217.csv.gz,8,482
218,per_sample_predictions/group_0218.csv.gz,8,487
219,per_sample_predictions/group_0219.csv.gz,8,516
220,per_sample_predictions/group_0220.csv.gz,8,537
221,per_sample_predictions/group_0221.csv.gz,8,550
222,per_sample_predictions/group_0222.csv.gz,8,597
223,per_sample_predictions/group_0223.csv.gz,8,592
224,per_sample_predictions/group_0224.csv.gz,8,590
225,per_sample_predictions/group_0225.csv.gz,8,523
226,per_sample_predictions/group_0226.csv.gz,8,1019
227,per_sample_predictions/group_0227.csv.gz,8,832
228,per_sample_predictions/group_0228.csv.gz,8,860
229,per_sample_predictions/group_0229.csv.gz,8,853
230,per_sample_predictions/group_0230.csv.gz,8,869
231,per_sample_predictions/group_0231.csv.gz,8,851
232,per_sample_predictions/group_0232.csv.gz,8,898
233,per_sample_predictions/group_0233.csv.gz,8,917
234,per_sample_predictions/group_0234.csv.gz,8,943
235,per_sample_predictions/group_0235.csv.gz,8,926
236,per_sample_predictions/group_0236.csv.gz,8,943
237,per_sample_predictions/group_0237.csv.gz,8,976
238,per_sample_predictions/group_0238.csv.gz,8,765
239,per_sample_predictions/group_0239.csv.gz,8,626
240,per_sample_predictions/group_0240.csv.gz,8,564
241,per_sample_predictions/group_0241.csv.gz,8,494
242,per_sample_predictions/group_0242.csv.gz,8,451
243,per_sample_predictions/group_0243.csv.gz,8,466
244,per_sample_predictions/group_0244.csv.gz,8,442
245,per_sample_predictions/group_0245.csv.gz,8,426
246,per_sample_predictions/group_0246.csv.gz,8,398
247,per_sample_predictions/group_0247.csv.gz,8,380
248,per_sample_predictions/group_0248.csv.gz,8,377
249,per_sample_predictions/group_0249.csv.gz,8,386
250,per_sample_predictions/group_0250.csv.gz,8,527
251,per_sample_predictions/group_0251.csv.gz,8,375
252,per_sample_predictions/group_0252.csv.gz,8,397
253,per_sample_predictions/group_0253.csv.gz,8,405
254,per_sample_predictions/group_0254.csv.gz,8,427
255,per_sample_predictions/group_0255.csv.gz,8,444
256,per_sample_predictions/group_0256.csv.gz,8,457
257,per_sample_predictions/group_0257.csv.gz,8,458
258,per_sample_predictions/group_0258.csv.gz,8,449
259,per_sample_predictions/group_0259.csv.gz,8,465
260,per_sample_predictions/group_0260.csv.gz,8,481
261,per_sample_predictions/group_0261.csv.gz,8,488
262,per_sample_predictions/group_0262.csv.gz,8,1152
263,per_sample_predictions/group_0263.csv.gz,8,1044
264,per_sample_predictions/group_0264.csv.gz,8,1036
265,per_sample_predictions/group_0265.csv.gz,8,1071
266,per_sample_predictions/group_0266.csv.gz,8,1050
267,per_sample_predictions/group_0267.csv.gz,8,1097
268,per_sample_predictions/group_0268.csv.gz,8,1043
269,per_sample_predictions/group_0269.csv.gz,8,1105
270,per_sample_predictions/group_0270.csv.gz,8,1076
271,per_sample_predictions/group_0271.csv.gz,8,1096
272,per_sample_predictions/group_0272.csv.gz,8,1114
273,per_sample_predictions/group_0273.csv.gz,8,1095
274,per_sample_predictions/group_0274.csv.gz,8,731
275,per_sample_predictions/group_0275.csv.gz,8,567
276,per_sample_predictions/group_0276.csv.gz,8,551
277,per_sample_predictions/group_0277.csv.gz,8,491
278,per_sample_predictions/group_0278.csv.gz,8,527
279,per_sample_predictions/group_0279.csv.gz,8,534
280,per_sample_predictions/group_0280.csv.gz,8,564
281,per_sample_predictions/group_0281.csv.gz,8,528
282,per_sample_predictions/group_0282.csv.gz,8,498
283,per_sample_predictions/group_0283.csv.gz,8,459
284,per_sample_predictions/group_0284.csv.gz,8,444
285,per_sample_predictions/group_0285.csv.gz,8,418
286,per_sample_predictions/group_0286.csv.gz,8,478
287,per_sample_predictions/group_0287.csv.gz,8,398
288,per_sample_predictions/group_0288.csv.gz,8,406
289,per_sample_predictions/group_0289.csv.gz,8,399
290,per_sample_predictions/group_0290.csv.gz,8,417
291,per_sample_predictions/group_0291.csv.gz,8,424
292,per_sample_predictions/group_0292.csv.gz,8,418
293,per_sample_predictions/group_0293.csv.gz,8,424
294,per_sample_predictions/group_0294.csv.gz,8,438
295,per_sample_predictions/group_0295.csv.gz,8,439
296,per_sample_predictions/group_0296.csv.gz,8,426
297,per_sample_predictions/group_0297.csv.gz,8,404
298,per_sample_predictions/group_0298.csv.gz,8,1184
299,per_sample_predictions/group_0299.csv.gz,8,764
300,per_sample_predictions/group_0300.csv.gz,8,741
301,per_sample_predictions/group_0301.csv.gz,8,794
302,per_sample_predictions/group_0302.csv.gz,8,808
303,per_sample_predictions/group_0303.csv.gz,8,789
304,per_sample_predictions/group_0304.csv.gz,8,802
305,per_sample_predictions/group_0305.csv.gz,8,841
306,per_sample_predictions/group_0306.csv.gz,8,904
307,per_sample_predictions/group_0307.csv.gz,8,874
308,per_sample_predictions/group_0308.csv.gz,8,912
309,per_sample_predictions/group_0309.csv.gz,8,901
310,per_sample_predictions/group_0310.csv.gz,8,738
311,per_sample_predictions/group_0311.csv.gz,8,757
312,per_sample_predictions/group_0312.csv.gz,8,601
313,per_sample_predictions/group_0313.csv.gz,8,533
314,per_sample_predictions/group_0314.csv.gz,8,497
315,per_sample_predictions/group_0315.csv.gz,8,489
316,per_sample_predictions/group_0316.csv.gz,8,467
317,per_sample_predictions/group_0317.csv.gz,8,448
318,per_sample_predictions/group_0318.csv.gz,8,408
319,per_sample_predictions/group_0319.csv.gz,8,368
320,per_sample_predictions/group_0320.csv.gz,8,379
321,per_sample_predictions/group_0321.csv.gz,8,363
322,per_sample_predictions/group_0322.csv.gz,8,684
323,per_sample_predictions/group_0323.csv.gz,8,484
324,per_sample_predictions/group_0324.csv.gz,8,493
325,per_sample_predictions/group_0325.csv.gz,8,491
326,per_sample_predictions/group_0326.csv.gz,8,466
327,per_sample_predictions/group_0327.csv.gz,8,477
328,per_sample_predictions/group_0328.csv.gz,8,505
329,per_sample_predictions/group_0329.csv.gz,8,503
330,per_sample_predictions/group_0330.csv.gz,8,516
331,per_sample_predictions/group_0331.csv.gz,8,512
332,per_sample_predictions/group_0332.csv.gz,8,527
333,per_sample_predictions/group_0333.csv.gz,8,551
334,per_sample_predictions/group_0334.csv.gz,8,1128
335,per_sample_predictions/group_0335.csv.gz,8,898
336,per_sample_predictions/group_0336.csv.gz,8,969
337,per_sample_predictions/group_0337.csv.gz,8,926
338,per_sample_predictions/group_0338.csv.gz,8,954
339,per_sample_predictions/group_0339.csv.gz,8,960
340,per_sample_predictions/group_0340.csv.gz,8,991
341,per_sample_predictions/group_0341.csv.gz,8,962
342,per_sample_predictions/group_0342.csv.gz,8,1019
343,per_sample_predictions/group_0343.csv.gz,8,985
344,per_sample_predictions/group_0344.csv.gz,8,1004
345,per_sample_predictions/group_0345.csv.gz,8,1010
346,per_sample_predictions/group_0346.csv.gz,8,868
347,per_sample_predictions/group_0347.csv.gz,8,686
348,per_sample_predictions/group_0348.csv.gz,8,605
349,per_sample_predictions/group_0349.csv.gz,8,572
350,per_sample_predictions/group_0350.csv.gz,8,545
351,per_sample_predictions/group_0351.csv.gz,8,551
352,per_sample_predictions/group_0352.csv.gz,8,509
353,per_sample_predictions/group_0353.csv.gz,8,560
354,per_sample_predictions/group_0354.csv.gz,8,538
355,per_sample_predictions/group_0355.csv.gz,8,503
356,per_sample_predictions/group_0356.csv.gz,8,511
357,per_sample_predictions/group_0357.csv.gz,8,486
358,per_sample_predictions/group_0358.csv.gz,8,916
359,per_sample_predictions/group_0359.csv.gz,8,580
360,per_sample_predictions/group_0360.csv.gz,8,488
361,per_sample_predictions/group_0361.csv.gz,8,532
362,per_sample_predictions/group_0362.csv.gz,8,590
363,per_sample_predictions/group_0363.csv.gz,8,597
364,per_sample_predictions/group_0364.csv.gz,8,611
365,per_sample_predictions/group_0365.csv.gz,8,599
366,per_sample_predictions/group_0366.csv.gz,8,677
367,per_sample_predictions/group_0367.csv.gz,8,661
368,per_sample_predictions/group_0368.csv.gz,8,664
369,per_sample_predictions/group_0369.csv.gz,8,633
370,per_sample_predictions/group_0370.csv.gz,8,1181
371,per_sample_predictions/group_0371.csv.gz,8,802
372,per_sample_predictions/group_0372.csv.gz,8,814
373,per_sample_predictions/group_0373.csv.gz,8,827
374,per_sample_predictions/group_0374.csv.gz,8,830
375,per_sample_predictions/group_0375.csv.gz,8,834
376,per_sample_predictions/group_0376.csv.gz,8,844
377,per_sample_predictions/group_0377.csv.gz,8,865
378,per_sample_predictions/group_0378.csv.gz,8,866
379,per_sample_predictions/group_0379.csv.gz,8,930
380,per_sample_predictions/group_0380.csv.gz,8,905
381,per_sample_predictions/group_0381.csv.gz,8,868
382,per_sample_predictions/group_0382.csv.gz,8,930
383,per_sample_predictions/group_0383.csv.gz,8,768
384,per_sample_predictions/group_0384.csv.gz,8,668
385,per_sample_predictions/group_0385.csv.gz,8,625
386,per_sample_predictions/group_0386.csv.gz,8,587
387,per_sample_predictions/group_0387.csv.gz,8,565
388,per_sample_predictions/group_0388.csv.gz,8,520
389,per_sample_predictions/group_0389.csv.gz,8,525
390,per_sample_predictions/group_0390.csv.gz,8,504
391,per_sample_predictions/group_0391.csv.gz,8,443
392,per_sample_predictions/group_0392.csv.gz,8,447
393,per_sample_predictions/group_0393.csv.gz,8,460
394,per_sample_predictions/group_0394.csv.gz,8,759
395,per_sample_predictions/group_0395.csv.gz,8,533
396,per_sample_predictions/group_0396.csv.gz,8,469
397,per_sample_predictions/group_0397.csv.gz,8,462
398,per_sample_predictions/group_0398.csv.gz,8,471
399,per_sample_predictions/group_0399.csv.gz,8,504
400,per_sample_predictions/group_0400.csv.gz,8,533
401,per_sample_predictions/group_0401.csv.gz,8,539
402,per_sample_predictions/group_0402.csv.gz,8,545
403,per_sample_predictions/group_0403.csv.gz,8,532
404,per_sample_predictions/group_0404.csv.gz,8,547
405,per_sample_predictions/group_0405.csv.gz,8,488
406,per_sample_predictions/group_0406.csv.gz,8,736
407,per_sample_predictions/group_0407.csv.gz,8,618
408,per_sample_predictions/group_0408.csv.gz,8,643
409,per_sample_predictions/group_0409.csv.gz,8,631
410,per_sample_predictions/group_0410.csv.gz,8,657
411,per_sample_predictions/group_0411.csv.gz,8,639
412,per_sample_predictions/group_0412.csv.gz,8,658
413,per_sample_predictions/group_0413.csv.gz,8,675
414,per_sample_predictions/group_0414.csv.gz,8,656
415,per_sample_predictions/group_0415.csv.gz,8,683
416,per_sample_predictions/group_0416.csv.gz,8,735
417,per_sample_predictions/group_0417.csv.gz,8,767
418,per_sample_predictions/group_0418.csv.gz,8,804
419,per_sample_predictions/group_0419.csv.gz,8,604
420,per_sample_predictions/group_0420.csv.gz,8,572
421,per_sample_predictions/group_0421.csv.gz,8,522
422,per_sample_predictions/group_0422.csv.gz,8,472
423,per_sample_predictions/group_0423.csv.gz,8,479
424,per_sample_predictions/group_0424.csv.gz,8,449
425,per_sample_predictions/group_0425.csv.gz,8,471
426,per_sample_predictions/group_0426.csv.gz,8,433
427,per_sample_predictions/group_0427.csv.gz,8,415
428,per_sample_predictions/group_0428.csv.gz,8,416
429,per_sample_predictions/group_0429.csv.gz,8,428
430,per_sample_predictions/group_0430.csv.gz,8,559
431,per_sample_predictions/group_0431.csv.gz,8,330
432,per_sample_predictions/group_0432.csv.gz,8,355
433,per_sample_predictions/group_0433.csv.gz,8,426
434,per_sample_predictions/group_0434.csv.gz,8,446
435,per_sample_predictions/group_0435.csv.gz,8,476
436,per_sample_predictions/group_0436.csv.gz,8,487
437,per_sample_predictions/group_0437.csv.gz,8,488
438,per_sample_predictions/group_0438.csv.gz,8,528
439,per_sample_predictions/group_0439.csv.gz,8,549
440,per_sample_predictions/group_0440.csv.gz,8,538
441,per_sample_predictions/group_0441.csv.gz,8,443
442,per_sample_predictions/group_0442.csv.gz,8,1071
443,per_sample_predictions/group_0443.csv.gz,8,667
444,per_sample_predictions/group_0444.csv.gz,8,715
445,per_sample_predictions/group_0445.csv.gz,8,735
446,per_sample_predictions/group_0446.csv.gz,8,751
447,per_sample_predictions/group_0447.csv.gz,8,741
448,per_sample_predictions/group_0448.csv.gz,8,819
449,per_sample_predictions/group_0449.csv.gz,8,806
450,per_sample_predictions/group_0450.csv.gz,8,881
451,per_sample_predictions/group_0451.csv.gz,8,889
452,per_sample_predictions/group_0452.csv.gz,8,887
453,per_sample_predictions/group_0453.csv.gz,8,871
454,per_sample_predictions/group_0454.csv.gz,8,818
455,per_sample_predictions/group_0455.csv.gz,8,599
456,per_sample_predictions/group_0456.csv.gz,8,529
457,per_sample_predictions/group_0457.csv.gz,8,531
458,per_sample_predictions/group_0458.csv.gz,8,519
459,per_sample_predictions/group_0459.csv.gz,8,529
460,per_sample_predictions/group_0460.csv.gz,8,534
461,per_sample_predictions/group_0461.csv.gz,8,522
462,per_sample_predictions/group_0462.csv.gz,8,469
463,per_sample_predictions/group_0463.csv.gz,8,436
464,per_sample_predictions/group_0464.csv.gz,8,434
465,per_sample_predictions/group_0465.csv.gz,8,422
466,per_sample_predictions/group_0466.csv.gz,8,632
467,per_sample_predictions/group_0467.csv.gz,8,466
468,per_sample_predictions/group_0468.csv.gz,8,456
469,per_sample_predictions/group_0469.csv.gz,8,480
470,per_sample_predictions/group_0470.csv.gz,8,487
471,per_sample_predictions/group_0471.csv.gz,8,520
472,per_sample_predictions/group_0472.csv.gz,8,529
473,per_sample_predictions/group_0473.csv.gz,8,534
474,per_sample_predictions/group_0474.csv.gz,8,545
475,per_sample_predictions/group_0475.csv.gz,8,519
476,per_sample_predictions/group_0476.csv.gz,8,531
477,per_sample_predictions/group_0477.csv.gz,8,573
478,per_sample_predictions/group_0478.csv.gz,8,875
479,per_sample_predictions/group_0479.csv.gz,8,817
480,per_sample_predictions/group_0480.csv.gz,8,793
481,per_sample_predictions/group_0481.csv.gz,8,829
482,per_sample_predictions/group_0482.csv.gz,8,815
483,per_sample_predictions/group_0483.csv.gz,8,844
484,per_sample_predictions/group_0484.csv.gz,8,836
485,per_sample_predictions/group_0485.csv.gz,8,890
486,per_sample_predictions/group_0486.csv.gz,8,800
487,per_sample_predictions/group_0487.csv.gz,8,885
488,per_sample_predictions/group_0488.csv.gz,8,879
489,per_sample_predictions/group_0489.csv.gz,8,909
490,per_sample_predictions/group_0490.csv.gz,8,947
491,per_sample_predictions/group_0491.csv.gz,8,673
492,per_sample_predictions/group_0492.csv.gz,8,629
493,per_sample_predictions/group_0493.csv.gz,8,580
494,per_sample_predictions/group_0494.csv.gz,8,561
495,per_sample_predictions/group_0495.csv.gz,8,531
496,per_sample_predictions/group_0496.csv.gz,8,517
497,per_sample_predictions/group_0497.csv.gz,8,465
498,per_sample_predictions/group_0498.csv.gz,8,468
499,per_sample_predictions/group_0499.csv.gz,8,440
500,per_sample_predictions/group_0500.csv.gz,8,406
501,per_sample_predictions/group_0501.csv.gz,8,405
502,per_sample_predictions/group_0502.csv.gz,8,806
503,per_sample_predictions/group_0503.csv.gz,8,499
504,per_sample_predictions/group_0504.csv.gz,8,462
505,per_sample_predictions/group_0505.csv.gz,8,460
506,per_sample_predictions/group_0506.csv.gz,8,497
507,per_sample_predictions/group_0507.csv.gz,8,547
508,per_sample_predictions/group_0508.csv.gz,8,526
509,per_sample_predictions/group_0509.csv.gz,8,515
510,per_sample_predictions/group_0510.csv.gz,8,542
511,per_sample_predictions/group_0511.csv.gz,8,569
512,per_sample_predictions/group_0512.csv.gz,8,550
513,per_sample_predictions/group_0513.csv.gz,8,555
514,per_sample_predictions/group_0514.csv.gz,8,814
515,per_sample_predictions/group_0515.csv.gz,8,720
516,per_sample_predictions/group_0516.csv.gz,8,722
517,per_sample_predictions/group_0517.csv.gz,8,736
518,per_sample_predictions/group_0518.csv.gz,8,768
519,per_sample_predictions/group_0519.csv.gz,8,718
520,per_sample_predictions/group_0520.csv.gz,8,757
521,per_sample_predictions/group_0521.csv.gz,8,771
522,per_sample_predictions/group_0522.csv.gz,8,747
523,per_sample_predictions/group_0523.csv.gz,8,795
524,per_sample_predictions/group_0524.csv.gz,8,802
525,per_sample_predictions/group_0525.csv.gz,8,817
526,per_sample_predictions/group_0526.csv.gz,8,728
527,per_sample_predictions/group_0527.csv.gz,8,680
528,per_sample_predictions/group_0528.csv.gz,8,595
529,per_sample_predictions/group_0529.csv.gz,8,603
530,per_sample_predictions/group_0530.csv.gz,8,549
531,per_sample_predictions/group_0531.csv.gz,8,505
532,per_sample_predictions/group_0532.csv.gz,8,432
533,per_sample_predictions/group_0533.csv.gz,8,429
534,per_sample_predictions/group_0534.csv.gz,8,413
535,per_sample_predictions/group_0535.csv.gz,8,407
536,per_sample_predictions/group_0536.csv.gz,8,426
537,per_sample_predictions/group_0537.csv.gz,8,417
538,per_sample_predictions/group_0538.csv.gz,8,619
539,per_sample_predictions/group_0539.csv.gz,8,454
540,per_sample_predictions/group_0540.csv.gz,8,426
541,per_sample_predictions/group_0541.csv.gz,8,427
542,per_sample_predictions/group_0542.csv.gz,8,455
543,per_sample_predictions/group_0543.csv.gz,8,455
544,per_sample_predictions/group_0544.csv.gz,8,528
545,per_sample_predictions/group_0545.csv.gz,8,509
546,per_sample_predictions/group_0546.csv.gz,8,503
547,per_sample_predictions/group_0547.csv.gz,8,534
548,per_sample_predictions/group_0548.csv.gz,8,516
549,per_sample_predictions/group_0549.csv.gz,8,506
550,per_sample_predictions/group_0550.csv.gz,8,985
551,per_sample_predictions/group_0551.csv.gz,8,681
552,per_sample_predictions/group_0552.csv.gz,8,712
553,per_sample_predictions/group_0553.csv.gz,8,733
554,per_sample_predictions/group_0554.csv.gz,8,724
555,per_sample_predictions/group_0555.csv.gz,8,725
556,per_sample_predictions/group_0556.csv.gz,8,748
557,per_sample_predictions/group_0557.csv.gz,8,736
558,per_sample_predictions/group_0558.csv.gz,8,782
559,per_sample_predictions/group_0559.csv.gz,8,826
560,per_sample_predictions/group_0560.csv.gz,8,815
561,per_sample_predictions/group_0561.csv.gz,8,830
562,per_sample_predictions/group_0562.csv.gz,8,866
563,per_sample_predictions/group_0563.csv.gz,8,740
564,per_sample_predictions/group_0564.csv.gz,8,583
565,per_sample_predictions/group_0565.csv.gz,8,531
566,per_sample_predictions/group_0566.csv.gz,8,446
567,per_sample_predictions/group_0567.csv.gz,8,440
568,per_sample_predictions/group_0568.csv.gz,8,460
569,per_sample_predictions/group_0569.csv.gz,8,420
570,per_sample_predictions/group_0570.csv.gz,8,383
571,per_sample_predictions/group_0571.csv.gz,8,406
572,per_sample_predictions/group_0572.csv.gz,8,375
573,per_sample_predictions/group_0573.csv.gz,8,374
574,per_sample_predictions/group_0574.csv.gz,8,1131
575,per_sample_predictions/group_0575.csv.gz,8,586
576,per_sample_predictions/group_0576.csv.gz,8,530
577,per_sample_predictions/group_0577.csv.gz,8,549
578,per_sample_predictions/group_0578.csv.gz,8,556
579,per_sample_predictions/group_0579.csv.gz,8,553
580,per_sample_predictions/group_0580.csv.gz,8,591
581,per_sample_predictions/group_0581.csv.gz,8,608
582,per_sample_predictions/group_0582.csv.gz,8,647
583,per_sample_predictions/group_0583.csv.gz,8,646
584,per_sample_predictions/group_0584.csv.gz,8,664
585,per_sample_predictions/group_0585.csv.gz,8,622
586,per_sample_predictions/group_0586.csv.gz,8,1050
587,per_sample_predictions/group_0587.csv.gz,8,809
588,per_sample_predictions/group_0588.csv.gz,8,856
589,per_sample_predictions/group_0589.csv.gz,8,845
590,per_sample_predictions/group_0590.csv.gz,8,847
591,per_sample_predictions/group_0591.csv.gz,8,854
592,per_sample_predictions/group_0592.csv.gz,8,829
593,per_sample_predictions/group_0593.csv.gz,8,890
594,per_sample_predictions/group_0594.csv.gz,8,877
595,per_sample_predictions/group_0595.csv.gz,8,890
596,per_sample_predictions/group_0596.csv.gz,8,899
597,per_sample_predictions/group_0597.csv.gz,8,936
598,per_sample_predictions/group_0598.csv.gz,8,963
599,per_sample_predictions/group_0599.csv.gz,8,795
600,per_sample_predictions/group_0600.csv.gz,8,639
601,per_sample_predictions/group_0601.csv.gz,8,602
602,per_sample_predictions/group_0602.csv.gz,8,592
603,per_sample_predictions/group_0603.csv.gz,8,591
604,per_sample_predictions/group_0604.csv.gz,8,563
605,per_sample_predictions/group_0605.csv.gz,8,536
606,per_sample_predictions/group_0606.csv.gz,8,539
607,per_sample_predictions/group_0607.csv.gz,8,521
608,per_sample_predictions/group_0608.csv.gz,8,503
609,per_sample_predictions/group_0609.csv.gz,8,524
610,per_sample_predictions/group_0610.csv.gz,8,956
611,per_sample_predictions/group_0611.csv.gz,8,386
612,per_sample_predictions/group_0612.csv.gz,8,384
613,per_sample_predictions/group_0613.csv.gz,8,429
614,per_sample_predictions/group_0614.csv.gz,8,482
615,per_sample_predictions/group_0615.csv.gz,8,509
616,per_sample_predictions/group_0616.csv.gz,8,513
617,per_sample_predictions/group_0617.csv.gz,8,500
618,per_sample_predictions/group_0618.csv.gz,8,547
619,per_sample_predictions/group_0619.csv.gz,8,570
620,per_sample_predictions/group_0620.csv.gz,8,556
621,per_sample_predictions/group_0621.csv.gz,8,497
622,per_sample_predictions/group_0622.csv.gz,8,1008
623,per_sample_predictions/group_0623.csv.gz,8,699
624,per_sample_predictions/group_0624.csv.gz,8,650
625,per_sample_predictions/group_0625.csv.gz,8,596
626,per_sample_predictions/group_0626.csv.gz,8,649
627,per_sample_predictions/group_0627.csv.gz,8,687
628,per_sample_predictions/group_0628.csv.gz,8,687
629,per_sample_predictions/group_0629.csv.gz,8,732
630,per_sample_predictions/group_0630.csv.gz,8,746
631,per_sample_predictions/group_0631.csv.gz,8,754
632,per_sample_predictions/group_0632.csv.gz,8,759
633,per_sample_predictions/group_0633.csv.gz,8,705
634,per_sample_predictions/group_0634.csv.gz,8,870
635,per_sample_predictions/group_0635.csv.gz,8,703
636,per_sample_predictions/group_0636.csv.gz,8,621
637,per_sample_predictions/group_0637.csv.gz,8,580
638,per_sample_predictions/group_0638.csv.gz,8,578
639,per_sample_predictions/group_0639.csv.gz,8,550
640,per_sample_predictions/group_0640.csv.gz,8,499
641,per_sample_predictions/group_0641.csv.gz,8,515
642,per_sample_predictions/group_0642.csv.gz,8,476
643,per_sample_predictions/group_0643.csv.gz,8,442
644,per_sample_predictions/group_0644.csv.gz,8,435
645,per_sample_predictions/group_0645.csv.gz,8,423
646,per_sample_predictions/group_0646.csv.gz,8,508
647,per_sample_predictions/group_0647.csv.gz,8,433
648,per_sample_predictions/group_0648.csv.gz,8,449
649,per_sample_predictions/group_0649.csv.gz,8,442
650,per_sample_predictions/group_0650.csv.gz,8,477
651,per_sample_predictions/group_0651.csv.gz,8,490
652,per_sample_predictions/group_0652.csv.gz,8,487
653,per_sample_predictions/group_0653.csv.gz,8,506
654,per_sample_predictions/group_0654.csv.gz,8,532
655,per_sample_predictions/group_0655.csv.gz,8,539
656,per_sample_predictions/group_0656.csv.gz,8,512
657,per_sample_predictions/group_0657.csv.gz,8,557
658,per_sample_predictions/group_0658.csv.gz,8,1136
659,per_sample_predictions/group_0659.csv.gz,8,838
660,per_sample_predictions/group_0660.csv.gz,8,860
661,per_sample_predictions/group_0661.csv.gz,8,910
662,per_sample_predictions/group_0662.csv.gz,8,871
663,per_sample_predictions/group_0663.csv.gz,8,861
664,per_sample_predictions/group_0664.csv.gz,8,906
665,per_sample_predictions/group_0665.csv.gz,8,951
666,per_sample_predictions/group_0666.csv.gz,8,956
667,per_sample_predictions/group_0667.csv.gz,8,946
668,per_sample_predictions/group_0668.csv.gz,8,979
669,per_sample_predictions/group_0669.csv.gz,8,963
670,per_sample_predictions/group_0670.csv.gz,8,810
671,per_sample_predictions/group_0671.csv.gz,8,525
672,per_sample_predictions/group_0672.csv.gz,8,493
673,per_sample_predictions/group_0673.csv.gz,8,459
674,per_sample_predictions/group_0674.csv.gz,8,431
675,per_sample_predictions/group_0675.csv.gz,8,413
676,per_sample_predictions/group_0676.csv.gz,8,441
677,per_sample_predictions/group_0677.csv.gz,8,418
678,per_sample_predictions/group_0678.csv.gz,8,433
679,per_sample_predictions/group_0679.csv.gz,8,409
680,per_sample_predictions/group_0680.csv.gz,8,419
681,per_sample_predictions/group_0681.csv.gz,8,422
682,per_sample_predictions/group_0682.csv.gz,8,491
683,per_sample_predictions/group_0683.csv.gz,8,444
684,per_sample_predictions/group_0684.csv.gz,8,459
685,per_sample_predictions/group_0685.csv.gz,8,480
686,per_sample_predictions/group_0686.csv.gz,8,476
687,per_sample_predictions/group_0687.csv.gz,8,533
688,per_sample_predictions/group_0688.csv.gz,8,543
689,per_sample_predictions/group_0689.csv.gz,8,544
690,per_sample_predictions/group_0690.csv.gz,8,528
691,per_sample_predictions/group_0691.csv.gz,8,516
692,per_sample_predictions/group_0692.csv.gz,8,510
693,per_sample_predictions/group_0693.csv.gz,8,466
694,per_sample_predictions/group_0694.csv.gz,8,1029
695,per_sample_predictions/group_0695.csv.gz,8,621
696,per_sample_predictions/group_0696.csv.gz,8,629
697,per_sample_predictions/group_0697.csv.gz,8,651
698,per_sample_predictions/group_0698.csv.gz,8,634
699,per_sample_predictions/group_0699.csv.gz,8,635
700,per_sample_predictions/group_0700.csv.gz,8,648
701,per_sample_predictions/group_0701.csv.gz,8,695
702,per_sample_predictions/group_0702.csv.gz,8,663
703,per_sample_predictions/group_0703.csv.gz,8,709
704,per_sample_predictions/group_0704.csv.gz,8,655
705,per_sample_predictions/group_0705.csv.gz,8,734
706,per_sample_predictions/group_0706.csv.gz,8,1037
707,per_sample_predictions/group_0707.csv.gz,8,627
708,per_sample_predictions/group_0708.csv.gz,8,541
709,per_sample_predictions/group_0709.csv.gz,8,473
710,per_sample_predictions/group_0710.csv.gz,8,454
711,per_sample_predictions/group_0711.csv.gz,8,432
712,per_sample_predictions/group_0712.csv.gz,8,425
713,per_sample_predictions/group_0713.csv.gz,8,409
714,per_sample_predictions/group_0714.csv.gz,8,402
715,per_sample_predictions/group_0715.csv.gz,8,394
716,per_sample_predictions/group_0716.csv.gz,8,386
717,per_sample_predictions/group_0717.csv.gz,8,376
718,per_sample_predictions/group_0718.csv.gz,8,782
719,per_sample_predictions/group_0719.csv.gz,8,517
720,per_sample_predictions/group_0720.csv.gz,8,481
721,per_sample_predictions/group_0721.csv.gz,8,508
722,per_sample_predictions/group_0722.csv.gz,8,541
723,per_sample_predictions/group_0723.csv.gz,8,557
724,per_sample_predictions/group_0724.csv.gz,8,564
725,per_sample_predictions/group_0725.csv.gz,8,527
726,per_sample_predictions/group_0726.csv.gz,8,571
727,per_sample_predictions/group_0727.csv.gz,8,573
728,per_sample_predictions/group_0728.csv.gz,8,550
729,per_sample_predictions/group_0729.csv.gz,8,550
730,per_sample_predictions/group_0730.csv.gz,8,829
731,per_sample_predictions/group_0731.csv.gz,8,647
732,per_sample_predictions/group_0732.csv.gz,8,647
733,per_sample_predictions/group_0733.csv.gz,8,679
734,per_sample_predictions/group_0734.csv.gz,8,694
735,per_sample_predictions/group_0735.csv.gz,8,654
736,per_sample_predictions/group_0736.csv.gz,8,707
737,per_sample_predictions/group_0737.csv.gz,8,713
738,per_sample_predictions/group_0738.csv.gz,8,701
739,per_sample_predictions/group_0739.csv.gz,8,738
740,per_sample_predictions/group_0740.csv.gz,8,731
741,per_sample_predictions/group_0741.csv.gz,8,733
742,per_sample_predictions/group_0742.csv.gz,8,770
743,per_sample_predictions/group_0743.csv.gz,8,583
744,per_sample_predictions/group_0744.csv.gz,8,563
745,per_sample_predictions/group_0745.csv.gz,8,564
746,per_sample_predictions/group_0746.csv.gz,8,540
747,per_sample_predictions/group_0747.csv.gz,8,535
748,per_sample_predictions/group_0748.csv.gz,8,560
749,per_sample_predictions/group_0749.csv.gz,8,528
750,per_sample_predictions/group_0750.csv.gz,8,503
751,per_sample_predictions/group_0751.csv.gz,8,465
752,per_sample_predictions/group_0752.csv.gz,8,459
753,per_sample_predictions/group_0753.csv.gz,8,429
754,per_sample_predictions/group_0754.csv.gz,8,743
755,per_sample_predictions/group_0755.csv.gz,8,466
756,per_sample_predictions/group_0756.csv.gz,8,427
757,per_sample_predictions/group_0757.csv.gz,8,440
758,per_sample_predictions/group_0758.csv.gz,8,483
759,per_sample_predictions/group_0759.csv.gz,8,475
760,per_sample_predictions/group_0760.csv.gz,8,514
761,per_sample_predictions/group_0761.csv.gz,8,535
762,per_sample_predictions/group_0762.csv.gz,8,536
763,per_sample_predictions/group_0763.csv.gz,8,520
764,per_sample_predictions/group_0764.csv.gz,8,517
765,per_sample_predictions/group_0765.csv.gz,8,503
766,per_sample_predictions/group_0766.csv.gz,8,811
767,per_sample_predictions/group_0767.csv.gz,8,636
768,per_sample_predictions/group_0768.csv.gz,8,597
769,per_sample_predictions/group_0769.csv.gz,8,608
770,per_sample_predictions/group_0770.csv.gz,8,574
771,per_sample_predictions/group_0771.csv.gz,8,605
772,per_sample_predictions/group_0772.csv.gz,8,631
773,per_sample_predictions/group_0773.csv.gz,8,673
774,per_sample_predictions/group_0774.csv.gz,8,671
775,per_sample_predictions/group_0775.csv.gz,8,678
776,per_sample_predictions/group_0776.csv.gz,8,676
777,per_sample_predictions/group_0777.csv.gz,8,697
778,per_sample_predictions/group_0778.csv.gz,8,675
779,per_sample_predictions/group_0779.csv.gz,8,654
780,per_sample_predictions/group_0780.csv.gz,8,597
781,per_sample_predictions/group_0781.csv.gz,8,557
782,per_sample_predictions/group_0782.csv.gz,8,583
783,per_sample_predictions/group_0783.csv.gz,8,576
784,per_sample_predictions/group_0784.csv.gz,8,552
785,per_sample_predictions/group_0785.csv.gz,8,487
786,per_sample_predictions/group_0786.csv.gz,8,462
787,per_sample_predictions/group_0787.csv.gz,8,455
788,per_sample_predictions/group_0788.csv.gz,8,424
789,per_sample_predictions/group_0789.csv.gz,8,396
790,per_sample_predictions/group_0790.csv.gz,8,555
791,per_sample_predictions/group_0791.csv.gz,8,503
792,per_sample_predictions/group_0792.csv.gz,8,523
793,per_sample_predictions/group_0793.csv.gz,8,531
794,per_sample_predictions/group_0794.csv.gz,8,534
795,per_sample_predictions/group_0795.csv.gz,8,566
796,per_sample_predictions/group_0796.csv.gz,8,541
797,per_sample_predictions/group_0797.csv.gz,8,541
798,per_sample_predictions/group_0798.csv.gz,8,559
799,per_sample_predictions/group_0799.csv.gz,8,549
800,per_sample_predictions/group_0800.csv.gz,8,545
801,per_sample_predictions/group_0801.csv.gz,8,545
802,per_sample_predictions/group_0802.csv.gz,8,1021
803,per_sample_predictions/group_0803.csv.gz,8,722
804,per_sample_predictions/group_0804.csv.gz,8,744
805,per_sample_predictions/group_0805.csv.gz,8,747
806,per_sample_predictions/group_0806.csv.gz,8,731
807,per_sample_predictions/group_0807.csv.gz,8,758
808,per_sample_predictions/group_0808.csv.gz,8,723
809,per_sample_predictions/group_0809.csv.gz,8,762
810,per_sample_predictions/group_0810.csv.gz,8,750
811,per_sample_predictions/group_0811.csv.gz,8,755
812,per_sample_predictions/group_0812.csv.gz,8,807
813,per_sample_predictions/group_0813.csv.gz,8,832
814,per_sample_predictions/group_0814.csv.gz,8,815
815,per_sample_predictions/group_0815.csv.gz,8,614
816,per_sample_predictions/group_0816.csv.gz,8,515
817,per_sample_predictions/group_0817.csv.gz,8,484
818,per_sample_predictions/group_0818.csv.gz,8,484
819,per_sample_predictions/group_0819.csv.gz,8,457
820,per_sample_predictions/group_0820.csv.gz,8,403
821,per_sample_predictions/group_0821.csv.gz,8,417
822,per_sample_predictions/group_0822.csv.gz,8,400
823,per_sample_predictions/group_0823.csv.gz,8,395
824,per_sample_predictions/group_0824.csv.gz,8,397
825,per_sample_predictions/group_0825.csv.gz,8,380
826,per_sample_predictions/group_0826.csv.gz,8,750
827,per_sample_predictions/group_0827.csv.gz,8,573
828,per_sample_predictions/group_0828.csv.gz,8,556
829,per_sample_predictions/group_0829.csv.gz,8,530
830,per_sample_predictions/group_0830.csv.gz,8,531
831,per_sample_predictions/group_0831.csv.gz,8,548
832,per_sample_predictions/group_0832.csv.gz,8,594
833,per_sample_predictions/group_0833.csv.gz,8,565
834,per_sample_predictions/group_0834.csv.gz,8,536
835,per_sample_predictions/group_0835.csv.gz,8,537
836,per_sample_predictions/group_0836.csv.gz,8,536
837,per_sample_predictions/group_0837.csv.gz,8,470
838,per_sample_predictions/group_0838.csv.gz,8,917
839,per_sample_predictions/group_0839.csv.gz,8,637
840,per_sample_predictions/group_0840.csv.gz,8,614
841,per_sample_predictions/group_0841.csv.gz,8,624
842,per_sample_predictions/group_0842.csv.gz,8,642
843,per_sample_predictions/group_0843.csv.gz,8,616
844,per_sample_predictions/group_0844.csv.gz,8,636
845,per_sample_predictions/group_0845.csv.gz,8,642
846,per_sample_predictions/group_0846.csv.gz,8,648
847,per_sample_predictions/group_0847.csv.gz,8,684
848,per_sample_predictions/group_0848.csv.gz,8,730
849,per_sample_predictions/group_0849.csv.gz,8,717
850,per_sample_predictions/group_0850.csv.gz,8,870
851,per_sample_predictions/group_0851.csv.gz,8,643
852,per_sample_predictions/group_0852.csv.gz,8,537
853,per_sample_predictions/group_0853.csv.gz,8,501
854,per_sample_predictions/group_0854.csv.gz,8,468
855,per_sample_predictions/group_0855.csv.gz,8,469
856,per_sample_predictions/group_0856.csv.gz,8,479
857,per_sample_predictions/group_0857.csv.gz,8,480
858,per_sample_predictions/group_0858.csv.gz,8,486
859,per_sample_predictions/group_0859.csv.gz,8,482
860,per_sample_predictions/group_0860.csv.gz,8,453
861,per_sample_predictions/group_0861.csv.gz,8,456
862,per_sample_predictions/group_0862.csv.gz,8,749
863,per_sample_predictions/group_0863.csv.gz,8,643
864,per_sample_predictions/group_0864.csv.gz,8,624
865,per_sample_predictions/group_0865.csv.gz,8,607
866,per_sample_predictions/group_0866.csv.gz,8,618
867,per_sample_predictions/group_0867.csv.gz,8,621
868,per_sample_predictions/group_0868.csv.gz,8,635
869,per_sample_predictions/group_0869.csv.gz,8,661
870,per_sample_predictions/group_0870.csv.gz,8,654
871,per_sample_predictions/group_0871.csv.gz,8,648
872,per_sample_predictions/group_0872.csv.gz,8,621
873,per_sample_predictions/group_0873.csv.gz,8,578
874,per_sample_predictions/group_0874.csv.gz,8,706
875,per_sample_predictions/group_0875.csv.gz,8,726
876,per_sample_predictions/group_0876.csv.gz,8,713
877,per_sample_predictions/group_0877.csv.gz,8,737
878,per_sample_predictions/group_0878.csv.gz,8,724
879,per_sample_predictions/group_0879.csv.gz,8,736
880,per_sample_predictions/group_0880.csv.gz,8,740
881,per_sample_predictions/group_0881.csv.gz,8,753
882,per_sample_predictions/group_0882.csv.gz,8,752
883,per_sample_predictions/group_0883.csv.gz,8,756
884,per_sample_predictions/group_0884.csv.gz,8,765
885,per_sample_predictions/group_0885.csv.gz,8,743
886,per_sample_predictions/group_0886.csv.gz,8,761
887,per_sample_predictions/group_0887.csv.gz,8,709
888,per_sample_predictions/group_0888.csv.gz,8,686
889,per_sample_predictions/group_0889.csv.gz,8,679
890,per_sample_predictions/group_0890.csv.gz,8,656
891,per_sample_predictions/group_0891.csv.gz,8,663
892,per_sample_predictions/group_0892.csv.gz,8,684
893,per_sample_predictions/group_0893.csv.gz,8,676
894,per_sample_predictions/group_0894.csv.gz,8,650
895,per_sample_predictions/group_0895.csv.gz,8,601
896,per_sample_predictions/group_0896.csv.gz,8,581
897,per_sample_predictions/group_0897.csv.gz,8,553
898,per_sample_predictions/group_0898.csv.gz,8,591
899,per_sample_predictions/group_0899.csv.gz,8,572
900,per_sample_predictions/group_0900.csv.gz,8,535
901,per_sample_predictions/group_0901.csv.gz,8,507
902,per_sample_predictions/group_0902.csv.gz,8,553
903,per_sample_predictions/group_0903.csv.gz,8,587
904,per_sample_predictions/group_0904.csv.gz,8,621
905,per_sample_predictions/group_0905.csv.gz,8,605
906,per_sample_predictions/group_0906.csv.gz,8,596
907,per_sample_predictions/group_0907.csv.gz,8,561
908,per_sample_predictions/group_0908.csv.gz,8,558
909,per_sample_predictions/group_0909.csv.gz,8,534
910,per_sample_predictions/group_0910.csv.gz,8,785
911,per_sample_predictions/group_0911.csv.gz,8,647
912,per_sample_predictions/group_0912.csv.gz,8,658
913,per_sample_predictions/group_0913.csv.gz,8,651
914,per_sample_predictions/group_0914.csv.gz,8,662
915,per_sample_predictions/group_0915.csv.gz,8,662
916,per_sample_predictions/group_0916.csv.gz,8,667
917,per_sample_predictions/group_0917.csv.gz,8,673
918,per_sample_predictions/group_0918.csv.gz,8,677
919,per_sample_predictions/group_0919.csv.gz,8,743
920,per_sample_predictions/group_0920.csv.gz,8,700
921,per_sample_predictions/group_0921.csv.gz,8,734
922,per_sample_predictions/group_0922.csv.gz,8,800
923,per_sample_predictions/group_0923.csv.gz,8,724
924,per_sample_predictions/group_0924.csv.gz,8,711
925,per_sample_predictions/group_0925.csv.gz,8,712
926,per_sample_predictions/group_0926.csv.gz,8,727
927,per_sample_predictions/group_0927.csv.gz,8,685
928,per_sample_predictions/group_0928.csv.gz,8,644
929,per_sample_predictions/group_0929.csv.gz,8,642
930,per_sample_predictions/group_0930.csv.gz,8,633
931,per_sample_predictions/group_0931.csv.gz,8,618
932,per_sample_predictions/group_0932.csv.gz,8,622
933,per_sample_predictions/group_0933.csv.gz,8,605
934,per_sample_predictions/group_0934.csv.gz,8,703
935,per_sample_predictions/group_0935.csv.gz,8,520
936,per_sample_predictions/group_0936.csv.gz,8,518
937,per_sample_predictions/group_0937.csv.gz,8,501
938,per_sample_predictions/group_0938.csv.gz,8,510
939,per_sample_predictions/group_0939.csv.gz,8,560
940,per_sample_predictions/group_0940.csv.gz,8,593
941,per_sample_predictions/group_0941.csv.gz,8,557
942,per_sample_predictions/group_0942.csv.gz,8,542
943,per_sample_predictions/group_0943.csv.gz,8,531
944,per_sample_predictions/group_0944.csv.gz,8,541
945,per_sample_predictions/group_0945.csv.gz,8,445
946,per_sample_predictions/group_0946.csv.gz,8,893
947,per_sample_predictions/group_0947.csv.gz,8,608
948,per_sample_predictions/group_0948.csv.gz,8,594
949,per_sample_predictions/group_0949.csv.gz,8,605
950,per_sample_predictions/group_0950.csv.gz,8,618
951,per_sample_predictions/group_0951.csv.gz,8,642
952,per_sample_predictions/group_0952.csv.gz,8,628
953,per_sample_predictions/group_0953.csv.gz,8,660
954,per_sample_predictions/group_0954.csv.gz,8,685
955,per_sample_predictions/group_0955.csv.gz,8,686
956,per_sample_predictions/group_0956.csv.gz,8,706
957,per_sample_predictions/group_0957.csv.gz,8,730
958,per_sample_predictions/group_0958.csv.gz,8,874
959,per_sample_predictions/group_0959.csv.gz,8,642
960,per_sample_predictions/group_0960.csv.gz,8,540
961,per_sample_predictions/group_0961.csv.gz,8,493
962,per_sample_predictions/group_0962.csv.gz,8,470
963,per_sample_predictions/group_0963.csv.gz,8,471
964,per_sample_predictions/group_0964.csv.gz,8,457
965,per_sample_predictions/group_0965.csv.gz,8,459
966,per_sample_predictions/group_0966.csv.gz,8,475
967,per_sample_predictions/group_0967.csv.gz,8,441
968,per_sample_predictions/group_0968.csv.gz,8,423
969,per_sample_predictions/group_0969.csv.gz,8,404
970,per_sample_predictions/group_0970.csv.gz,8,673
971,per_sample_predictions/group_0971.csv.gz,8,392
972,per_sample_predictions/group_0972.csv.gz,8,376
973,per_sample_predictions/group_0973.csv.gz,8,420
974,per_sample_predictions/group_0974.csv.gz,8,438
975,per_sample_predictions/group_0975.csv.gz,8,469
976,per_sample_predictions/group_0976.csv.gz,8,481
977,per_sample_predictions/group_0977.csv.gz,8,496
978,per_sample_predictions/group_0978.csv.gz,8,502
979,per_sample_predictions/group_0979.csv.gz,8,530
980,per_sample_predictions/group_0980.csv.gz,8,516
981,per_sample_predictions/group_0981.csv.gz,8,453
982,per_sample_predictions/group_0982.csv.gz,8,967
983,per_sample_predictions/group_0983.csv.gz,8,839
984,per_sample_predictions/group_0984.csv.gz,8,854
985,per_sample_predictions/group_0985.csv.gz,8,866
986,per_sample_predictions/group_0986.csv.gz,8,895
987,per_sample_predictions/group_0987.csv.gz,8,887
988,per_sample_predictions/group_0988.csv.gz,8,896
989,per_sample_predictions/group_0989.csv.gz,8,923
990,per_sample_predictions/group_0990.csv.gz,8,897
991,per_sample_predictions/group_0991.csv.gz,8,917
992,per_sample_predictions/group_0992.csv.gz,8,947
993,per_sample_predictions/group_0993.csv.gz,8,919
994,per_sample_predictions/group_0994.csv.gz,8,570
995,per_sample_predictions/group_0995.csv.gz,8,518
996,per_sample_predictions/group_0996.csv.gz,8,515
997,per_sample_predictions/group_0997.csv.gz,8,501
998,per_sample_predictions/group_0998.csv.gz,8,464
999,per_sample_predictions/group_0999.csv.gz,8,465
1000,per_sample_predictions/group_1000.csv.gz,8,445
1001,per_sample_predictions/group_1001.csv.gz,8,418
1002,per_sample_predictions/group_1002.csv.gz,8,416
1003,per_sample_predictions/group_1003.csv.gz,8,411
1004,per_sample_predictions/group_1004.csv.gz,8,420
1005,per_sample_predictions/group_1005.csv.gz,8,413
1006,per_sample_predictions/group_1006.csv.gz,8,639
1007,per_sample_predictions/group_1007.csv.gz,8,412
1008,per_sample_predictions/group_1008.csv.gz,8,402
1009,per_sample_predictions/group_1009.csv.gz,8,436
1010,per_sample_predictions/group_1010.csv.gz,8,445
1011,per_sample_predictions/group_1011.csv.gz,8,465
1012,per_sample_predictions/group_1012.csv.gz,8,504
1013,per_sample_predictions/group_1013.csv.gz,8,507
1014,per_sample_predictions/group_1014.csv.gz,8,508
1015,per_sample_predictions/group_1015.csv.gz,8,528
1016,per_sample_predictions/group_1016.csv.gz,8,543
1017,per_sample_predictions/group_1017.csv.gz,8,483
1018,per_sample_predictions/group_1018.csv.gz,8,957
1019,per_sample_predictions/group_1019.csv.gz,8,870
1020,per_sample_predictions/group_1020.csv.gz,8,870
1021,per_sample_predictions/group_1021.csv.gz,8,852
1022,per_sample_predictions/group_1022.csv.gz,8,871
1023,per_sample_predictions/group_1023.csv.gz,8,845
1024,per_sample_predictions/group_1024.csv.gz,8,898
1025,per_sample_predictions/group_1025.csv.gz,8,908
1026,per_sample_predictions/group_1026.csv.gz,8,890
1027,per_sample_predictions/group_1027.csv.gz,8,910
1028,per_sample_predictions/group_1028.csv.gz,8,917
1029,per_sample_predictions/group_1029.csv.gz,8,920
1030,per_sample_predictions/group_1030.csv.gz,8,747
1031,per_sample_predictions/group_1031.csv.gz,8,512
1032,per_sample_predictions/group_1032.csv.gz,8,503
1033,per_sample_predictions/group_1033.csv.gz,8,454
1034,per_sample_predictions/group_1034.csv.gz,8,433
1035,per_sample_predictions/group_1035.csv.gz,8,410
1036,per_sample_predictions/group_1036.csv.gz,8,452
1037,per_sample_predictions/group_1037.csv.gz,8,407
1038,per_sample_predictions/group_1038.csv.gz,8,413
1039,per_sample_predictions/group_1039.csv.gz,8,428
1040,per_sample_predictions/group_1040.csv.gz,8,415
1041,per_sample_predictions/group_1041.csv.gz,8,414
1042,per_sample_predictions/group_1042.csv.gz,8,579
1043,per_sample_predictions/group_1043.csv.gz,8,391
1044,per_sample_predictions/group_1044.csv.gz,8,387
1045,per_sample_predictions/group_1045.csv.gz,8,420
1046,per_sample_predictions/group_1046.csv.gz,8,441
1047,per_sample_predictions/group_1047.csv.gz,8,466
1048,per_sample_predictions/group_1048.csv.gz,8,473
1049,per_sample_predictions/group_1049.csv.gz,8,502
1050,per_sample_predictions/group_1050.csv.gz,8,506
1051,per_sample_predictions/group_1051.csv.gz,8,545
1052,per_sample_predictions/group_1052.csv.gz,8,508
1053,per_sample_predictions/group_1053.csv.gz,8,445
1054,per_sample_predictions/group_1054.csv.gz,8,1015
1055,per_sample_predictions/group_1055.csv.gz,8,823
1056,per_sample_predictions/group_1056.csv.gz,8,826
1057,per_sample_predictions/group_1057.csv.gz,8,829
1058,per_sample_predictions/group_1058.csv.gz,8,886
1059,per_sample_predictions/group_1059.csv.gz,8,905
1060,per_sample_predictions/group_1060.csv.gz,8,917
1061,per_sample_predictions/group_1061.csv.gz,8,900
1062,per_sample_predictions/group_1062.csv.gz,8,927
1063,per_sample_predictions/group_1063.csv.gz,8,941
1064,per_sample_predictions/group_1064.csv.gz,8,948
1065,per_sample_predictions/group_1065.csv.gz,8,950
1066,per_sample_predictions/group_1066.csv.gz,8,590
1067,per_sample_predictions/group_1067.csv.gz,8,510
1068,per_sample_predictions/group_1068.csv.gz,8,476
1069,per_sample_predictions/group_1069.csv.gz,8,478
1070,per_sample_predictions/group_1070.csv.gz,8,448
1071,per_sample_predictions/group_1071.csv.gz,8,462
1072,per_sample_predictions/group_1072.csv.gz,8,439
1073,per_sample_predictions/group_1073.csv.gz,8,447
1074,per_sample_predictions/group_1074.csv.gz,8,449
1075,per_sample_predictions/group_1075.csv.gz,8,452
1076,per_sample_predictions/group_1076.csv.gz,8,420
1077,per_sample_predictions/group_1077.csv.gz,8,412
1078,per_sample_predictions/group_1078.csv.gz,8,931
1079,per_sample_predictions/group_1079.csv.gz,8,383
1080,per_sample_predictions/group_1080.csv.gz,8,377
1081,per_sample_predictions/group_1081.csv.gz,8,412
1082,per_sample_predictions/group_1082.csv.gz,8,456
1083,per_sample_predictions/group_1083.csv.gz,8,473
1084,per_sample_predictions/group_1084.csv.gz,8,466
1085,per_sample_predictions/group_1085.csv.gz,8,491
1086,per_sample_predictions/group_1086.csv.gz,8,507
1087,per_sample_predictions/group_1087.csv.gz,8,534
1088,per_sample_predictions/group_1088.csv.gz,8,518
1089,per_sample_predictions/group_1089.csv.gz,8,473
1090,per_sample_predictions/group_1090.csv.gz,8,1070
1091,per_sample_predictions/group_1091.csv.gz,8,863
1092,per_sample_predictions/group_1092.csv.gz,8,838
1093,per_sample_predictions/group_1093.csv.gz,8,877
1094,per_sample_predictions/group_1094.csv.gz,8,874
1095,per_sample_predictions/group_1095.csv.gz,8,884
1096,per_sample_predictions/group_1096.csv.gz,8,912
1097,per_sample_predictions/group_1097.csv.gz,8,915
1098,per_sample_predictions/group_1098.csv.gz,8,877
1099,per_sample_predictions/group_1099.csv.gz,8,935
1100,per_sample_predictions/group_1100.csv.gz,8,911
1101,per_sample_predictions/group_1101.csv.gz,8,920
1102,per_sample_predictions/group_1102.csv.gz,8,674
1103,per_sample_predictions/group_1103.csv.gz,8,569
1104,per_sample_predictions/group_1104.csv.gz,8,488
1105,per_sample_predictions/group_1105.csv.gz,8,482
1106,per_sample_predictions/group_1106.csv.gz,8,481
1107,per_sample_predictions/group_1107.csv.gz,8,443
1108,per_sample_predictions/group_1108.csv.gz,8,455
1109,per_sample_predictions/group_1109.csv.gz,8,467
1110,per_sample_predictions/group_1110.csv.gz,8,438
1111,per_sample_predictions/group_1111.csv.gz,8,432
1112,per_sample_predictions/group_1112.csv.gz,8,400
1113,per_sample_predictions/group_1113.csv.gz,8,415
1114,per_sample_predictions/group_1114.csv.gz,8,495
1115,per_sample_predictions/group_1115.csv.gz,8,355
1116,per_sample_predictions/group_1116.csv.gz,8,373
1117,per_sample_predictions/group_1117.csv.gz,8,436
1118,per_sample_predictions/group_1118.csv.gz,8,454
1119,per_sample_predictions/group_1119.csv.gz,8,468
1120,per_sample_predictions/group_1120.csv.gz,8,474
1121,per_sample_predictions/group_1121.csv.gz,8,461
1122,per_sample_predictions/group_1122.csv.gz,8,503
1123,per_sample_predictions/group_1123.csv.gz,8,496
1124,per_sample_predictions/group_1124.csv.gz,8,528
1125,per_sample_predictions/group_1125.csv.gz,8,431
1126,per_sample_predictions/group_1126.csv.gz,8,1048
1127,per_sample_predictions/group_1127.csv.gz,8,776
1128,per_sample_predictions/group_1128.csv.gz,8,784
1129,per_sample_predictions/group_1129.csv.gz,8,774
1130,per_sample_predictions/group_1130.csv.gz,8,830
1131,per_sample_predictions/group_1131.csv.gz,8,803
1132,per_sample_predictions/group_1132.csv.gz,8,841
1133,per_sample_predictions/group_1133.csv.gz,8,870
1134,per_sample_predictions/group_1134.csv.gz,8,871
1135,per_sample_predictions/group_1135.csv.gz,8,883
1136,per_sample_predictions/group_1136.csv.gz,8,864
1137,per_sample_predictions/group_1137.csv.gz,8,922
1138,per_sample_predictions/group_1138.csv.gz,8,1009
1139,per_sample_predictions/group_1139.csv.gz,8,588
1140,per_sample_predictions/group_1140.csv.gz,8,487
1141,per_sample_predictions/group_1141.csv.gz,8,454
1142,per_sample_predictions/group_1142.csv.gz,8,426
1143,per_sample_predictions/group_1143.csv.gz,8,402
1144,per_sample_predictions/group_1144.csv.gz,8,386
1145,per_sample_predictions/group_1145.csv.gz,8,382
1146,per_sample_predictions/group_1146.csv.gz,8,382
1147,per_sample_predictions/group_1147.csv.gz,8,388
1148,per_sample_predictions/group_1148.csv.gz,8,385
1149,per_sample_predictions/group_1149.csv.gz,8,408
1150,per_sample_predictions/group_1150.csv.gz,8,847
1151,per_sample_predictions/group_1151.csv.gz,8,395
1152,per_sample_predictions/group_1152.csv.gz,8,366
1153,per_sample_predictions/group_1153.csv.gz,8,383
1154,per_sample_predictions/group_1154.csv.gz,8,450
1155,per_sample_predictions/group_1155.csv.gz,8,443
1156,per_sample_predictions/group_1156.csv.gz,8,495
1157,per_sample_predictions/group_1157.csv.gz,8,489
1158,per_sample_predictions/group_1158.csv.gz,8,531
1159,per_sample_predictions/group_1159.csv.gz,8,516
1160,per_sample_predictions/group_1160.csv.gz,8,497
1161,per_sample_predictions/group_1161.csv.gz,8,446
1162,per_sample_predictions/group_1162.csv.gz,8,901
1163,per_sample_predictions/group_1163.csv.gz,8,786
1164,per_sample_predictions/group_1164.csv.gz,8,768
1165,per_sample_predictions/group_1165.csv.gz,8,765
1166,per_sample_predictions/group_1166.csv.gz,8,753
1167,per_sample_predictions/group_1167.csv.gz,8,767
1168,per_sample_predictions/group_1168.csv.gz,8,787
1169,per_sample_predictions/group_1169.csv.gz,8,814
1170,per_sample_predictions/group_1170.csv.gz,8,775
1171,per_sample_predictions/group_1171.csv.gz,8,798
1172,per_sample_predictions/group_1172.csv.gz,8,829
1173,per_sample_predictions/group_1173.csv.gz,8,832
1174,per_sample_predictions/group_1174.csv.gz,8,682
1175,per_sample_predictions/group_1175.csv.gz,8,545
1176,per_sample_predictions/group_1176.csv.gz,8,443
1177,per_sample_predictions/group_1177.csv.gz,8,424
1178,per_sample_predictions/group_1178.csv.gz,8,408
1179,per_sample_predictions/group_1179.csv.gz,8,412
1180,per_sample_predictions/group_1180.csv.gz,8,370
1181,per_sample_predictions/group_1181.csv.gz,8,362
1182,per_sample_predictions/group_1182.csv.gz,8,383
1183,per_sample_predictions/group_1183.csv.gz,8,351
1184,per_sample_predictions/group_1184.csv.gz,8,354
1185,per_sample_predictions/group_1185.csv.gz,8,357
1186,per_sample_predictions/group_1186.csv.gz,8,841
1187,per_sample_predictions/group_1187.csv.gz,8,384
1188,per_sample_predictions/group_1188.csv.gz,8,391
1189,per_sample_predictions/group_1189.csv.gz,8,408
1190,per_sample_predictions/group_1190.csv.gz,8,451
1191,per_sample_predictions/group_1191.csv.gz,8,473
1192,per_sample_predictions/group_1192.csv.gz,8,518
1193,per_sample_predictions/group_1193.csv.gz,8,504
1194,per_sample_predictions/group_1194.csv.gz,8,527
1195,per_sample_predictions/group_1195.csv.gz,8,522
1196,per_sample_predictions/group_1196.csv.gz,8,525
1197,per_sample_predictions/group_1197.csv.gz,8,464
1198,per_sample_predictions/group_1198.csv.gz,8,1090
1199,per_sample_predictions/group_1199.csv.gz,8,755
1200,per_sample_predictions/group_1200.csv.gz,8,742
1201,per_sample_predictions/group_1201.csv.gz,8,712
1202,per_sample_predictions/group_1202.csv.gz,8,716
1203,per_sample_predictions/group_1203.csv.gz,8,773
1204,per_sample_predictions/group_1204.csv.gz,8,769
1205,per_sample_predictions/group_1205.csv.gz,8,768
1206,per_sample_predictions/group_1206.csv.gz,8,775
1207,per_sample_predictions/group_1207.csv.gz,8,818
1208,per_sample_predictions/group_1208.csv.gz,8,831
1209,per_sample_predictions/group_1209.csv.gz,8,901
1210,per_sample_predictions/group_1210.csv.gz,8,710
1211,per_sample_predictions/group_1211.csv.gz,8,535
1212,per_sample_predictions/group_1212.csv.gz,8,430
1213,per_sample_predictions/group_1213.csv.gz,8,420
1214,per_sample_predictions/group_1214.csv.gz,8,411
1215,per_sample_predictions/group_1215.csv.gz,8,412
1216,per_sample_predictions/group_1216.csv.gz,8,406
1217,per_sample_predictions/group_1217.csv.gz,8,390
1218,per_sample_predictions/group_1218.csv.gz,8,370
1219,per_sample_predictions/group_1219.csv.gz,8,372
1220,per_sample_predictions/group_1220.csv.gz,8,371
1221,per_sample_predictions/group_1221.csv.gz,8,390
1222,per_sample_predictions/group_1222.csv.gz,8,894
1223,per_sample_predictions/group_1223.csv.gz,8,559
1224,per_sample_predictions/group_1224.csv.gz,8,563
1225,per_sample_predictions/group_1225.csv.gz,8,541
1226,per_sample_predictions/group_1226.csv.gz,8,588
1227,per_sample_predictions/group_1227.csv.gz,8,590
1228,per_sample_predictions/group_1228.csv.gz,8,544
1229,per_sample_predictions/group_1229.csv.gz,8,579
1230,per_sample_predictions/group_1230.csv.gz,8,570
1231,per_sample_predictions/group_1231.csv.gz,8,582
1232,per_sample_predictions/group_1232.csv.gz,8,599
1233,per_sample_predictions/group_1233.csv.gz,8,640
1234,per_sample_predictions/group_1234.csv.gz,8,1190
1235,per_sample_predictions/group_1235.csv.gz,8,946
1236,per_sample_predictions/group_1236.csv.gz,8,985
1237,per_sample_predictions/group_1237.csv.gz,8,937
1238,per_sample_predictions/group_1238.csv.gz,8,991
1239,per_sample_predictions/group_1239.csv.gz,8,1007
1240,per_sample_predictions/group_1240.csv.gz,8,987
1241,per_sample_predictions/group_1241.csv.gz,8,1015
1242,per_sample_predictions/group_1242.csv.gz,8,1059
1243,per_sample_predictions/group_1243.csv.gz,8,1035
1244,per_sample_predictions/group_1244.csv.gz,8,1072
1245,per_sample_predictions/group_1245.csv.gz,8,1071
1246,per_sample_predictions/group_1246.csv.gz,8,580
1247,per_sample_predictions/group_1247.csv.gz,8,609
1248,per_sample_predictions/group_1248.csv.gz,8,584
1249,per_sample_predictions/group_1249.csv.gz,8,558
1250,per_sample_predictions/group_1250.csv.gz,8,514
1251,per_sample_predictions/group_1251.csv.gz,8,510
1252,per_sample_predictions/group_1252.csv.gz,8,478
1253,per_sample_predictions/group_1253.csv.gz,8,453
1254,per_sample_predictions/group_1254.csv.gz,8,469
1255,per_sample_predictions/group_1255.csv.gz,8,459
1256,per_sample_predictions/group_1256.csv.gz,8,464
1257,per_sample_predictions/group_1257.csv.gz,8,439
1258,per_sample_predictions/group_1258.csv.gz,8,522
1259,per_sample_predictions/group_1259.csv.gz,8,474
1260,per_sample_predictions/group_1260.csv.gz,8,485
1261,per_sample_predictions/group_1261.csv.gz,8,524
1262,per_sample_predictions/group_1262.csv.gz,8,525
1263,per_sample_predictions/group_1263.csv.gz,8,551
1264,per_sample_predictions/group_1264.csv.gz,8,537
1265,per_sample_predictions/group_1265.csv.gz,8,514
1266,per_sample_predictions/group_1266.csv.gz,8,484
1267,per_sample_predictions/group_1267.csv.gz,8,500
1268,per_sample_predictions/group_1268.csv.gz,8,500
1269,per_sample_predictions/group_1269.csv.gz,8,439
1270,per_sample_predictions/group_1270.csv.gz,8,843
1271,per_sample_predictions/group_1271.csv.gz,8,576
1272,per_sample_predictions/group_1272.csv.gz,8,589
1273,per_sample_predictions/group_1273.csv.gz,8,580
1274,per_sample_predictions/group_1274.csv.gz,8,594
1275,per_sample_predictions/group_1275.csv.gz,8,568
1276,per_sample_predictions/group_1276.csv.gz,8,617
1277,per_sample_predictions/group_1277.csv.gz,8,634
1278,per_sample_predictions/group_1278.csv.gz,8,664
1279,per_sample_predictions/group_1279.csv.gz,8,660
1280,per_sample_predictions/group_1280.csv.gz,8,679
1281,per_sample_predictions/group_1281.csv.gz,8,708
1282,per_sample_predictions/group_1282.csv.gz,8,804
1283,per_sample_predictions/group_1283.csv.gz,8,499
1284,per_sample_predictions/group_1284.csv.gz,8,435
1285,per_sample_predictions/group_1285.csv.gz,8,404
1286,per_sample_predictions/group_1286.csv.gz,8,400
1287,per_sample_predictions/group_1287.csv.gz,8,395
1288,per_sample_predictions/group_1288.csv.gz,8,382
1289,per_sample_predictions/group_1289.csv.gz,8,388
1290,per_sample_predictions/group_1290.csv.gz,8,372
1291,per_sample_predictions/group_1291.csv.gz,8,374
1292,per_sample_predictions/group_1292.csv.gz,8,360
1293,per_sample_predictions/group_1293.csv.gz,8,356
1294,per_sample_predictions/group_1294.csv.gz,8,460
1295,per_sample_predictions/group_1295.csv.gz,8,317
1296,per_sample_predictions/group_1296.csv.gz,8,362
1297,per_sample_predictions/group_1297.csv.gz,8,404
1298,per_sample_predictions/group_1298.csv.gz,8,420
1299,per_sample_predictions/group_1299.csv.gz,8,438
1300,per_sample_predictions/group_1300.csv.gz,8,453
1301,per_sample_predictions/group_1301.csv.gz,8,459
1302,per_sample_predictions/group_1302.csv.gz,8,487
1303,per_sample_predictions/group_1303.csv.gz,8,512
1304,per_sample_predictions/group_1304.csv.gz,8,477
1305,per_sample_predictions/group_1305.csv.gz,8,443
1306,per_sample_predictions/group_1306.csv.gz,8,990
1307,per_sample_predictions/group_1307.csv.gz,8,737
1308,per_sample_predictions/group_1308.csv.gz,8,761
1309,per_sample_predictions/group_1309.csv.gz,8,743
1310,per_sample_predictions/group_1310.csv.gz,8,771
1311,per_sample_predictions/group_1311.csv.gz,8,775
1312,per_sample_predictions/group_1312.csv.gz,8,776
1313,per_sample_predictions/group_1313.csv.gz,8,800
1314,per_sample_predictions/group_1314.csv.gz,8,826
1315,per_sample_predictions/group_1315.csv.gz,8,829
1316,per_sample_predictions/group_1316.csv.gz,8,822
1317,per_sample_predictions/group_1317.csv.gz,8,833
1318,per_sample_predictions/group_1318.csv.gz,8,563
1319,per_sample_predictions/group_1319.csv.gz,8,490
1320,per_sample_predictions/group_1320.csv.gz,8,422
1321,per_sample_predictions/group_1321.csv.gz,8,439
1322,per_sample_predictions/group_1322.csv.gz,8,420
1323,per_sample_predictions/group_1323.csv.gz,8,419
1324,per_sample_predictions/group_1324.csv.gz,8,408
1325,per_sample_predictions/group_1325.csv.gz,8,430
1326,per_sample_predictions/group_1326.csv.gz,8,407
1327,per_sample_predictions/group_1327.csv.gz,8,412
1328,per_sample_predictions/group_1328.csv.gz,8,406
1329,per_sample_predictions/group_1329.csv.gz,8,397
1330,per_sample_predictions/group_1330.csv.gz,8,668
1331,per_sample_predictions/group_1331.csv.gz,8,426
1332,per_sample_predictions/group_1332.csv.gz,8,415
1333,per_sample_predictions/group_1333.csv.gz,8,442
1334,per_sample_predictions/group_1334.csv.gz,8,455
1335,per_sample_predictions/group_1335.csv.gz,8,447
1336,per_sample_predictions/group_1336.csv.gz,8,462
1337,per_sample_predictions/group_1337.csv.gz,8,469
1338,per_sample_predictions/group_1338.csv.gz,8,500
1339,per_sample_predictions/group_1339.csv.gz,8,497
1340,per_sample_predictions/group_1340.csv.gz,8,505
1341,per_sample_predictions/group_1341.csv.gz,8,493
1342,per_sample_predictions/group_1342.csv.gz,8,878
1343,per_sample_predictions/group_1343.csv.gz,8,705
1344,per_sample_predictions/group_1344.csv.gz,8,706
1345,per_sample_predictions/group_1345.csv.gz,8,711
1346,per_sample_predictions/group_1346.csv.gz,8,757
1347,per_sample_predictions/group_1347.csv.gz,8,700
1348,per_sample_predictions/group_1348.csv.gz,8,735
1349,per_sample_predictions/group_1349.csv.gz,8,773
1350,per_sample_predictions/group_1350.csv.gz,8,792
1351,per_sample_predictions/group_1351.csv.gz,8,812
1352,per_sample_predictions/group_1352.csv.gz,8,812
1353,per_sample_predictions/group_1353.csv.gz,8,832
1354,per_sample_predictions/group_1354.csv.gz,8,545
1355,per_sample_predictions/group_1355.csv.gz,8,485
1356,per_sample_predictions/group_1356.csv.gz,8,440
1357,per_sample_predictions/group_1357.csv.gz,8,445
1358,per_sample_predictions/group_1358.csv.gz,8,451
1359,per_sample_predictions/group_1359.csv.gz,8,454
1360,per_sample_predictions/group_1360.csv.gz,8,432
1361,per_sample_predictions/group_1361.csv.gz,8,431
1362,per_sample_predictions/group_1362.csv.gz,8,424
1363,per_sample_predictions/group_1363.csv.gz,8,426
1364,per_sample_predictions/group_1364.csv.gz,8,414
1365,per_sample_predictions/group_1365.csv.gz,8,390
1366,per_sample_predictions/group_1366.csv.gz,8,495
1367,per_sample_predictions/group_1367.csv.gz,8,411
1368,per_sample_predictions/group_1368.csv.gz,8,411
1369,per_sample_predictions/group_1369.csv.gz,8,426
1370,per_sample_predictions/group_1370.csv.gz,8,447
1371,per_sample_predictions/group_1371.csv.gz,8,465
1372,per_sample_predictions/group_1372.csv.gz,8,458
1373,per_sample_predictions/group_1373.csv.gz,8,465
1374,per_sample_predictions/group_1374.csv.gz,8,477
1375,per_sample_predictions/group_1375.csv.gz,8,479
1376,per_sample_predictions/group_1376.csv.gz,8,503
1377,per_sample_predictions/group_1377.csv.gz,8,497
1378,per_sample_predictions/group_1378.csv.gz,8,863
1379,per_sample_predictions/group_1379.csv.gz,8,783
1380,per_sample_predictions/group_1380.csv.gz,8,763
1381,per_sample_predictions/group_1381.csv.gz,8,781
1382,per_sample_predictions/group_1382.csv.gz,8,828
1383,per_sample_predictions/group_1383.csv.gz,8,812
1384,per_sample_predictions/group_1384.csv.gz,8,797
1385,per_sample_predictions/group_1385.csv.gz,8,839
1386,per_sample_predictions/group_1386.csv.gz,8,785
1387,per_sample_predictions/group_1387.csv.gz,8,918
1388,per_sample_predictions/group_1388.csv.gz,8,880
1389,per_sample_predictions/group_1389.csv.gz,8,861
1390,per_sample_predictions/group_1390.csv.gz,8,516
1391,per_sample_predictions/group_1391.csv.gz,8,503
1392,per_sample_predictions/group_1392.csv.gz,8,453
1393,per_sample_predictions/group_1393.csv.gz,8,457
1394,per_sample_predictions/group_1394.csv.gz,8,456
1395,per_sample_predictions/group_1395.csv.gz,8,450
1396,per_sample_predictions/group_1396.csv.gz,8,457
1397,per_sample_predictions/group_1397.csv.gz,8,425
1398,per_sample_predictions/group_1398.csv.gz,8,431
1399,per_sample_predictions/group_1399.csv.gz,8,421
1400,per_sample_predictions/group_1400.csv.gz,8,412
1401,per_sample_predictions/group_1401.csv.gz,8,416
1402,per_sample_predictions/group_1402.csv.gz,8,446
1403,per_sample_predictions/group_1403.csv.gz,8,355
1404,per_sample_predictions/group_1404.csv.gz,8,364
1405,per_sample_predictions/group_1405.csv.gz,8,415
1406,per_sample_predictions/group_1406.csv.gz,8,441
1407,per_sample_predictions/group_1407.csv.gz,8,463
1408,per_sample_predictions/group_1408.csv.gz,8,456
1409,per_sample_predictions/group_1409.csv.gz,8,474
1410,per_sample_predictions/group_1410.csv.gz,8,501
1411,per_sample_predictions/group_1411.csv.gz,8,511
1412,per_sample_predictions/group_1412.csv.gz,8,512
1413,per_sample_predictions/group_1413.csv.gz,8,465
1414,per_sample_predictions/group_1414.csv.gz,8,934
1415,per_sample_predictions/group_1415.csv.gz,8,658
1416,per_sample_predictions/group_1416.csv.gz,8,651
1417,per_sample_predictions/group_1417.csv.gz,8,593
1418,per_sample_predictions/group_1418.csv.gz,8,681
1419,per_sample_predictions/group_1419.csv.gz,8,688
1420,per_sample_predictions/group_1420.csv.gz,8,704
1421,per_sample_predictions/group_1421.csv.gz,8,713
1422,per_sample_predictions/group_1422.csv.gz,8,753
1423,per_sample_predictions/group_1423.csv.gz,8,764
1424,per_sample_predictions/group_1424.csv.gz,8,788
1425,per_sample_predictions/group_1425.csv.gz,8,764
1426,per_sample_predictions/group_1426.csv.gz,8,577
1427,per_sample_predictions/group_1427.csv.gz,8,464
1428,per_sample_predictions/group_1428.csv.gz,8,436
1429,per_sample_predictions/group_1429.csv.gz,8,455
1430,per_sample_predictions/group_1430.csv.gz,8,472
1431,per_sample_predictions/group_1431.csv.gz,8,429
1432,per_sample_predictions/group_1432.csv.gz,8,435
1433,per_sample_predictions/group_1433.csv.gz,8,412
1434,per_sample_predictions/group_1434.csv.gz,8,418
1435,per_sample_predictions/group_1435.csv.gz,8,408
1436,per_sample_predictions/group_1436.csv.gz,8,377
1437,per_sample_predictions/group_1437.csv.gz,8,371
1438,per_sample_predictions/group_1438.csv.gz,8,440
1439,per_sample_predictions/group_1439.csv.gz,8,358
1440,per_sample_predictions/group_1440.csv.gz,8,392
1441,per_sample_predictions/group_1441.csv.gz,8,436
1442,per_sample_predictions/group_1442.csv.gz,8,433
1443,per_sample_predictions/group_1443.csv.gz,8,404
1444,per_sample_predictions/group_1444.csv.gz,8,448
1445,per_sample_predictions/group_1445.csv.gz,8,455
1446,per_sample_predictions/group_1446.csv.gz,8,479
1447,per_sample_predictions/group_1447.csv.gz,8,492
1448,per_sample_predictions/group_1448.csv.gz,8,478
1449,per_sample_predictions/group_1449.csv.gz,8,497
1450,per_sample_predictions/group_1450.csv.gz,8,1049
1451,per_sample_predictions/group_1451.csv.gz,8,686
1452,per_sample_predictions/group_1452.csv.gz,8,701
1453,per_sample_predictions/group_1453.csv.gz,8,732
1454,per_sample_predictions/group_1454.csv.gz,8,736
1455,per_sample_predictions/group_1455.csv.gz,8,772
1456,per_sample_predictions/group_1456.csv.gz,8,747
1457,per_sample_predictions/group_1457.csv.gz,8,806
1458,per_sample_predictions/group_1458.csv.gz,8,834
1459,per_sample_predictions/group_1459.csv.gz,8,888
1460,per_sample_predictions/group_1460.csv.gz,8,903
1461,per_sample_predictions/group_1461.csv.gz,8,849
1462,per_sample_predictions/group_1462.csv.gz,8,656
1463,per_sample_predictions/group_1463.csv.gz,8,450
1464,per_sample_predictions/group_1464.csv.gz,8,398
1465,per_sample_predictions/group_1465.csv.gz,8,382
1466,per_sample_predictions/group_1466.csv.gz,8,363
1467,per_sample_predictions/group_1467.csv.gz,8,375
1468,per_sample_predictions/group_1468.csv.gz,8,355
1469,per_sample_predictions/group_1469.csv.gz,8,379
1470,per_sample_predictions/group_1470.csv.gz,8,361
1471,per_sample_predictions/group_1471.csv.gz,8,345
1472,per_sample_predictions/group_1472.csv.gz,8,337
1473,per_sample_predictions/group_1473.csv.gz,8,332
1474,per_sample_predictions/group_1474.csv.gz,8,544
1475,per_sample_predictions/group_1475.csv.gz,8,357
1476,per_sample_predictions/group_1476.csv.gz,8,346
1477,per_sample_predictions/group_1477.csv.gz,8,392
1478,per_sample_predictions/group_1478.csv.gz,8,417
1479,per_sample_predictions/group_1479.csv.gz,8,451
1480,per_sample_predictions/group_1480.csv.gz,8,458
1481,per_sample_predictions/group_1481.csv.gz,8,464
1482,per_sample_predictions/group_1482.csv.gz,8,485
1483,per_sample_predictions/group_1483.csv.gz,8,513
1484,per_sample_predictions/group_1484.csv.gz,8,493
1485,per_sample_predictions/group_1485.csv.gz,8,427
1486,per_sample_predictions/group_1486.csv.gz,8,942
1487,per_sample_predictions/group_1487.csv.gz,8,671
1488,per_sample_predictions/group_1488.csv.gz,8,710
1489,per_sample_predictions/group_1489.csv.gz,8,713
1490,per_sample_predictions/group_1490.csv.gz,8,708
1491,per_sample_predictions/group_1491.csv.gz,8,726
1492,per_sample_predictions/group_1492.csv.gz,8,741
1493,per_sample_predictions/group_1493.csv.gz,8,786
1494,per_sample_predictions/group_1494.csv.gz,8,799
1495,per_sample_predictions/group_1495.csv.gz,8,827
1496,per_sample_predictions/group_1496.csv.gz,8,765
1497,per_sample_predictions/group_1497.csv.gz,8,781
1498,per_sample_predictions/group_1498.csv.gz,8,615
1499,per_sample_predictions/group_1499.csv.gz,8,503
1500,per_sample_predictions/group_1500.csv.gz,8,399
1501,per_sample_predictions/group_1501.csv.gz,8,412
1502,per_sample_predictions/group_1502.csv.gz,8,364
1503,per_sample_predictions/group_1503.csv.gz,8,356
1504,per_sample_predictions/group_1504.csv.gz,8,363
1505,per_sample_predictions/group_1505.csv.gz,8,352
1506,per_sample_predictions/group_1506.csv.gz,8,339
1507,per_sample_predictions/group_1507.csv.gz,8,357
1508,per_sample_predictions/group_1508.csv.gz,8,362
1509,per_sample_predictions/group_1509.csv.gz,8,346
1510,per_sample_predictions/group_1510.csv.gz,8,826
1511,per_sample_predictions/group_1511.csv.gz,8,379
1512,per_sample_predictions/group_1512.csv.gz,8,376
1513,per_sample_predictions/group_1513.csv.gz,8,430
1514,per_sample_predictions/group_1514.csv.gz,8,439
1515,per_sample_predictions/group_1515.csv.gz,8,475
1516,per_sample_predictions/group_1516.csv.gz,8,486
1517,per_sample_predictions/group_1517.csv.gz,8,486
1518,per_sample_predictions/group_1518.csv.gz,8,513
1519,per_sample_predictions/group_1519.csv.gz,8,534
1520,per_sample_predictions/group_1520.csv.gz,8,515
1521,per_sample_predictions/group_1521.csv.gz,8,471
1522,per_sample_predictions/group_1522.csv.gz,8,871
1523,per_sample_predictions/group_1523.csv.gz,8,687
1524,per_sample_predictions/group_1524.csv.gz,8,677
1525,per_sample_predictions/group_1525.csv.gz,8,675
1526,per_sample_predictions/group_1526.csv.gz,8,645
1527,per_sample_predictions/group_1527.csv.gz,8,683
1528,per_sample_predictions/group_1528.csv.gz,8,671
1529,per_sample_predictions/group_1529.csv.gz,8,707
1530,per_sample_predictions/group_1530.csv.gz,8,741
1531,per_sample_predictions/group_1531.csv.gz,8,808
1532,per_sample_predictions/group_1532.csv.gz,8,764
1533,per_sample_predictions/group_1533.csv.gz,8,732
1534,per_sample_predictions/group_1534.csv.gz,8,591
1535,per_sample_predictions/group_1535.csv.gz,8,480
1536,per_sample_predictions/group_1536.csv.gz,8,408
1537,per_sample_predictions/group_1537.csv.gz,8,416
1538,per_sample_predictions/group_1538.csv.gz,8,388
1539,per_sample_predictions/group_1539.csv.gz,8,378
1540,per_sample_predictions/group_1540.csv.gz,8,384
1541,per_sample_predictions/group_1541.csv.gz,8,356
1542,per_sample_predictions/group_1542.csv.gz,8,357
1543,per_sample_predictions/group_1543.csv.gz,8,362
1544,per_sample_predictions/group_1544.csv.gz,8,376
1545,per_sample_predictions/group_1545.csv.gz,8,364
1546,per_sample_predictions/group_1546.csv.gz,8,821
1547,per_sample_predictions/group_1547.csv.gz,8,542
1548,per_sample_predictions/group_1548.csv.gz,8,548
1549,per_sample_predictions/group_1549.csv.gz,8,566
1550,per_sample_predictions/group_1550.csv.gz,8,566
1551,per_sample_predictions/group_1551.csv.gz,8,548
1552,per_sample_predictions/group_1552.csv.gz,8,523
1553,per_sample_predictions/group_1553.csv.gz,8,553
1554,per_sample_predictions/group_1554.csv.gz,8,563
1555,per_sample_predictions/group_1555.csv.gz,8,569
1556,per_sample_predictions/group_1556.csv.gz,8,588
1557,per_sample_predictions/group_1557.csv.gz,8,641
1558,per_sample_predictions/group_1558.csv.gz,8,1193
1559,per_sample_predictions/group_1559.csv.gz,8,959
1560,per_sample_predictions/group_1560.csv.gz,8,931
1561,per_sample_predictions/group_1561.csv.gz,8,953
1562,per_sample_predictions/group_1562.csv.gz,8,962
1563,per_sample_predictions/group_1563.csv.gz,8,992
1564,per_sample_predictions/group_1564.csv.gz,8,1006
1565,per_sample_predictions/group_1565.csv.gz,8,1068
1566,per_sample_predictions/group_1566.csv.gz,8,1095
1567,per_sample_predictions/group_1567.csv.gz,8,1074
1568,per_sample_predictions/group_1568.csv.gz,8,1123
1569,per_sample_predictions/group_1569.csv.gz,8,1083
1570,per_sample_predictions/group_1570.csv.gz,8,597
1571,per_sample_predictions/group_1571.csv.gz,8,623
1572,per_sample_predictions/group_1572.csv.gz,8,527
1573,per_sample_predictions/group_1573.csv.gz,8,531
1574,per_sample_predictions/group_1574.csv.gz,8,488
1575,per_sample_predictions/group_1575.csv.gz,8,466
1576,per_sample_predictions/group_1576.csv.gz,8,435
1577,per_sample_predictions/group_1577.csv.gz,8,459
1578,per_sample_predictions/group_1578.csv.gz,8,462
1579,per_sample_predictions/group_1579.csv.gz,8,462
1580,per_sample_predictions/group_1580.csv.gz,8,438
1581,per_sample_predictions/group_1581.csv.gz,8,435
